object,age,workclass,fnlwgt,education,marital-status,relationship,race,capital-gain,hours-per-week,native-country
0,30.0,0.0,19847.0,1.0,1.0,1.0,0.0,0.0,40.0,0.0
1,40.0,0.0,20109.0,1.0,1.0,3.0,2.0,0.0,84.0,0.0
2,42.0,0.0,20809.0,3.0,1.0,3.0,0.0,0.0,75.0,0.0
3,28.0,0.0,22422.0,3.0,2.0,3.0,0.0,0.0,40.0,0.0
4,53.0,0.0,22978.0,10.0,0.0,0.0,0.0,0.0,50.0,0.0
5,30.0,5.0,23037.0,1.0,2.0,1.0,2.0,0.0,84.0,0.0
6,34.0,0.0,24266.0,6.0,0.0,2.0,0.0,7688.0,40.0,0.0
7,33.0,1.0,24504.0,3.0,3.0,4.0,0.0,0.0,50.0,0.0
8,18.0,0.0,25837.0,3.0,2.0,3.0,0.0,0.0,25.0,0.0
9,40.0,3.0,26358.0,5.0,2.0,3.0,0.0,0.0,40.0,0.0
10,42.0,1.0,27242.0,2.0,0.0,2.0,0.0,0.0,60.0,0.0
11,45.0,0.0,27332.0,3.0,1.0,3.0,0.0,0.0,40.0,0.0
12,40.0,0.0,27821.0,6.0,0.0,2.0,0.0,2829.0,40.0,0.0
13,55.0,4.0,28151.0,3.0,1.0,3.0,0.0,0.0,40.0,0.0
14,57.0,0.0,29375.0,3.0,3.0,3.0,2.0,0.0,35.0,0.0
15,46.0,0.0,29696.0,3.0,0.0,2.0,0.0,0.0,40.0,0.0
16,37.0,1.0,29814.0,3.0,2.0,1.0,0.0,0.0,85.0,0.0
17,39.0,0.0,29814.0,3.0,0.0,2.0,0.0,0.0,40.0,0.0
18,39.0,3.0,30673.0,7.0,0.0,2.0,0.0,0.0,40.0,0.0
19,35.0,0.0,30916.0,3.0,0.0,2.0,0.0,0.0,50.0,0.0
20,23.0,0.0,31606.0,3.0,2.0,5.0,0.0,0.0,40.0,0.0
21,55.0,3.0,31728.0,1.0,0.0,0.0,0.0,0.0,40.0,0.0
22,59.0,0.0,32552.0,0.0,0.0,2.0,0.0,0.0,4.0,0.0
23,46.0,1.0,32825.0,3.0,3.0,5.0,0.0,0.0,40.0,0.0
24,42.0,0.0,32981.0,3.0,1.0,3.0,0.0,0.0,40.0,0.0
25,62.0,4.0,33365.0,3.0,4.0,3.0,0.0,0.0,40.0,4.0
26,38.0,0.0,33975.0,3.0,0.0,4.0,0.0,0.0,40.0,0.0
27,51.0,1.0,35295.0,3.0,2.0,5.0,0.0,0.0,45.0,0.0
28,34.0,0.0,36385.0,10.0,0.0,2.0,0.0,0.0,45.0,0.0
29,43.0,0.0,37402.0,10.0,2.0,3.0,0.0,0.0,25.0,0.0
30,37.0,0.0,38468.0,1.0,2.0,3.0,0.0,0.0,40.0,0.0
31,49.0,0.0,38563.0,0.0,2.0,3.0,0.0,0.0,56.0,0.0
32,27.0,3.0,38645.0,0.0,2.0,3.0,0.0,0.0,40.0,0.0
33,72.0,3.0,39110.0,2.0,1.0,3.0,0.0,0.0,8.0,4.0
34,23.0,0.0,42706.0,1.0,2.0,3.0,0.0,0.0,45.0,0.0
35,53.0,2.0,42924.0,13.0,1.0,3.0,0.0,14084.0,50.0,0.0
36,49.0,0.0,43206.0,4.0,2.0,3.0,0.0,0.0,55.0,0.0
37,49.0,1.0,43348.0,13.0,2.0,3.0,0.0,99999.0,70.0,0.0
38,38.0,0.0,43712.0,0.0,0.0,2.0,0.0,7298.0,60.0,0.0
39,37.0,0.0,44780.0,5.0,1.0,3.0,0.0,0.0,40.0,0.0
40,19.0,1.0,45546.0,1.0,2.0,1.0,0.0,0.0,16.0,0.0
41,32.0,0.0,45796.0,9.0,0.0,2.0,0.0,0.0,40.0,0.0
42,49.0,4.0,46537.0,3.0,1.0,3.0,0.0,594.0,10.0,0.0
43,39.0,1.0,48063.0,1.0,0.0,2.0,0.0,0.0,60.0,0.0
44,45.0,0.0,48271.0,1.0,0.0,0.0,0.0,0.0,40.0,0.0
45,54.0,0.0,50385.0,0.0,1.0,3.0,4.0,0.0,45.0,0.0
46,28.0,0.0,51961.0,1.0,2.0,1.0,4.0,0.0,24.0,0.0
47,39.0,1.0,52187.0,3.0,0.0,2.0,0.0,0.0,40.0,0.0
48,53.0,0.0,53197.0,10.0,0.0,2.0,0.0,3103.0,40.0,0.0
49,23.0,0.0,53245.0,7.0,3.0,3.0,0.0,0.0,40.0,0.0
50,24.0,0.0,53942.0,0.0,0.0,2.0,0.0,0.0,40.0,0.0
51,45.0,0.0,55720.0,0.0,0.0,2.0,0.0,0.0,40.0,0.0
52,39.0,0.0,56269.0,1.0,2.0,1.0,4.0,0.0,40.0,0.0
53,19.0,0.0,57067.0,3.0,2.0,4.0,0.0,0.0,45.0,0.0
54,31.0,0.0,63437.0,3.0,2.0,3.0,0.0,0.0,40.0,22.0
55,35.0,0.0,64922.0,0.0,0.0,2.0,0.0,7688.0,50.0,0.0
56,50.0,0.0,65408.0,3.0,0.0,2.0,0.0,0.0,50.0,0.0
57,35.0,0.0,66297.0,0.0,2.0,3.0,1.0,0.0,40.0,15.0
58,57.0,3.0,66504.0,4.0,1.0,3.0,0.0,0.0,50.0,0.0
59,33.0,0.0,67006.0,12.0,2.0,3.0,0.0,0.0,45.0,0.0
60,36.0,1.0,67728.0,0.0,0.0,2.0,0.0,0.0,50.0,0.0
61,41.0,0.0,69333.0,3.0,0.0,2.0,0.0,0.0,45.0,0.0
62,19.0,0.0,69770.0,1.0,2.0,1.0,0.0,0.0,20.0,0.0
63,42.0,0.0,70055.0,3.0,0.0,2.0,0.0,0.0,40.0,0.0
64,66.0,5.0,71075.0,1.0,1.0,3.0,0.0,0.0,55.0,0.0
65,27.0,0.0,72208.0,1.0,2.0,1.0,4.0,0.0,40.0,0.0
66,51.0,3.0,72436.0,3.0,0.0,2.0,0.0,0.0,57.0,0.0
67,37.0,0.0,73471.0,0.0,0.0,2.0,0.0,0.0,47.0,0.0
68,51.0,0.0,74275.0,3.0,0.0,2.0,0.0,0.0,40.0,0.0
69,33.0,0.0,75167.0,3.0,0.0,2.0,0.0,0.0,55.0,0.0
70,30.0,3.0,76313.0,3.0,0.0,4.0,2.0,0.0,48.0,0.0
71,26.0,0.0,78172.0,1.0,6.0,2.0,0.0,0.0,40.0,0.0
72,35.0,0.0,78247.0,6.0,0.0,2.0,0.0,0.0,50.0,0.0
73,38.0,0.0,79619.0,0.0,0.0,2.0,0.0,0.0,42.0,0.0
74,33.0,0.0,79923.0,10.0,0.0,2.0,0.0,0.0,45.0,0.0
75,63.0,2.0,80572.0,0.0,0.0,2.0,0.0,0.0,40.0,0.0
76,59.0,0.0,81973.0,10.0,0.0,2.0,1.0,0.0,40.0,0.0
77,37.0,0.0,82521.0,0.0,0.0,2.0,0.0,15024.0,40.0,0.0
78,35.0,0.0,82622.0,3.0,2.0,1.0,0.0,0.0,40.0,0.0
79,50.0,1.0,83311.0,0.0,0.0,2.0,0.0,0.0,13.0,0.0
80,39.0,0.0,83893.0,3.0,0.0,2.0,0.0,0.0,40.0,0.0
81,49.0,0.0,84298.0,1.0,0.0,2.0,0.0,7688.0,40.0,0.0
82,41.0,0.0,84610.0,0.0,0.0,2.0,0.0,0.0,60.0,0.0
83,19.0,0.0,84610.0,1.0,2.0,1.0,0.0,0.0,30.0,0.0
84,61.0,0.0,85194.0,1.0,0.0,2.0,0.0,0.0,25.0,0.0
85,27.0,0.0,86681.0,0.0,2.0,3.0,0.0,0.0,40.0,0.0
86,32.0,0.0,86723.0,3.0,2.0,3.0,0.0,0.0,52.0,0.0
87,25.0,0.0,86872.0,0.0,0.0,2.0,0.0,0.0,55.0,0.0
88,64.0,0.0,86972.0,1.0,1.0,5.0,0.0,0.0,40.0,0.0
89,65.0,0.0,87164.0,2.0,4.0,4.0,0.0,0.0,20.0,0.0
90,31.0,0.0,87560.0,1.0,2.0,3.0,0.0,0.0,50.0,0.0
91,31.0,0.0,87891.0,1.0,0.0,2.0,0.0,0.0,40.0,0.0
92,31.0,0.0,87891.0,5.0,0.0,2.0,0.0,0.0,60.0,0.0
93,49.0,0.0,87928.0,3.0,0.0,2.0,0.0,0.0,40.0,0.0
94,42.0,2.0,90693.0,0.0,0.0,2.0,0.0,0.0,70.0,0.0
95,43.0,0.0,91209.0,0.0,0.0,2.0,0.0,0.0,40.0,0.0
96,46.0,0.0,91262.0,1.0,5.0,3.0,1.0,0.0,40.0,15.0
97,37.0,0.0,91711.0,0.0,0.0,2.0,0.0,0.0,60.0,0.0
98,54.0,5.0,93415.0,0.0,2.0,5.0,1.0,0.0,40.0,0.0
99,20.0,0.0,95918.0,7.0,0.0,2.0,0.0,0.0,40.0,0.0
100,37.0,0.0,96330.0,1.0,2.0,5.0,4.0,0.0,40.0,0.0
101,43.0,0.0,96483.0,3.0,1.0,1.0,1.0,0.0,40.0,10.0
102,51.0,0.0,96586.0,1.0,0.0,2.0,0.0,0.0,40.0,0.0
103,32.0,3.0,97614.0,1.0,2.0,3.0,0.0,0.0,40.0,0.0
104,34.0,0.0,97723.0,0.0,0.0,2.0,0.0,0.0,40.0,0.0
105,46.0,3.0,97863.0,6.0,0.0,2.0,0.0,5178.0,40.0,0.0
106,53.0,0.0,98791.0,1.0,0.0,2.0,0.0,0.0,40.0,0.0
107,51.0,0.0,99185.0,0.0,0.0,2.0,0.0,0.0,60.0,0.0
108,38.0,0.0,100375.0,4.0,0.0,2.0,0.0,99999.0,60.0,0.0
109,59.0,3.0,100931.0,3.0,0.0,2.0,0.0,0.0,40.0,0.0
110,31.0,0.0,101697.0,6.0,0.0,0.0,0.0,0.0,40.0,0.0
111,45.0,3.0,102569.0,3.0,0.0,2.0,0.0,0.0,40.0,0.0
112,47.0,0.0,102583.0,3.0,0.0,2.0,0.0,0.0,30.0,0.0
113,53.0,0.0,102828.0,3.0,0.0,2.0,0.0,0.0,35.0,0.0
114,37.0,0.0,103323.0,3.0,2.0,3.0,0.0,0.0,40.0,0.0
115,49.0,0.0,104455.0,0.0,5.0,3.0,1.0,0.0,40.0,15.0
116,50.0,0.0,105010.0,0.0,0.0,2.0,0.0,0.0,45.0,0.0
117,67.0,0.0,105252.0,1.0,1.0,3.0,0.0,7978.0,35.0,0.0
118,43.0,4.0,105896.0,1.0,1.0,5.0,0.0,0.0,40.0,0.0
119,55.0,0.0,106740.0,3.0,0.0,2.0,0.0,0.0,40.0,0.0
120,59.0,2.0,107287.0,12.0,4.0,5.0,0.0,0.0,50.0,0.0
121,41.0,0.0,107584.0,3.0,0.0,2.0,0.0,0.0,40.0,0.0
122,69.0,2.0,107850.0,10.0,0.0,2.0,0.0,6514.0,40.0,0.0
123,51.0,0.0,108435.0,10.0,0.0,2.0,0.0,0.0,47.0,0.0
124,25.0,0.0,108542.0,0.0,2.0,1.0,0.0,0.0,35.0,0.0
125,29.0,0.0,108594.0,3.0,2.0,1.0,0.0,0.0,40.0,0.0
126,37.0,0.0,109133.0,3.0,0.0,2.0,0.0,0.0,40.0,21.0
127,61.0,0.0,110920.0,12.0,0.0,2.0,0.0,0.0,40.0,0.0
128,31.0,5.0,111843.0,5.0,3.0,5.0,4.0,0.0,40.0,0.0
129,36.0,5.0,112497.0,0.0,1.0,3.0,0.0,0.0,44.0,0.0
130,25.0,4.0,112835.0,10.0,2.0,3.0,0.0,0.0,40.0,0.0
131,39.0,4.0,113253.0,0.0,0.0,0.0,0.0,0.0,50.0,0.0
132,32.0,0.0,113364.0,0.0,2.0,3.0,0.0,0.0,40.0,0.0
133,39.0,0.0,113481.0,0.0,0.0,2.0,0.0,0.0,45.0,0.0
134,19.0,0.0,113546.0,2.0,2.0,3.0,0.0,0.0,56.0,0.0
135,62.0,0.0,114060.0,8.0,0.0,2.0,0.0,0.0,91.0,0.0
136,51.0,4.0,114508.0,7.0,3.0,4.0,0.0,0.0,40.0,0.0
137,36.0,0.0,114605.0,6.0,0.0,2.0,0.0,0.0,40.0,0.0
138,30.0,0.0,114691.0,0.0,2.0,4.0,0.0,0.0,40.0,0.0
139,41.0,2.0,114967.0,6.0,0.0,2.0,4.0,0.0,40.0,0.0
140,30.0,0.0,115426.0,0.0,0.0,2.0,0.0,0.0,40.0,0.0
141,40.0,0.0,115932.0,0.0,0.0,2.0,0.0,0.0,60.0,22.0
142,30.0,0.0,115963.0,8.0,2.0,5.0,0.0,0.0,42.0,0.0
143,26.0,0.0,116044.0,2.0,3.0,4.0,0.0,2907.0,50.0,0.0
144,67.0,1.0,116057.0,3.0,1.0,3.0,0.0,3273.0,16.0,0.0
145,36.0,0.0,116358.0,10.0,0.0,2.0,1.0,0.0,40.0,27.0
146,24.0,0.0,117363.0,0.0,2.0,1.0,0.0,0.0,35.0,0.0
147,38.0,0.0,117802.0,3.0,0.0,2.0,0.0,0.0,65.0,0.0
148,26.0,0.0,117833.0,0.0,2.0,3.0,0.0,0.0,50.0,0.0
149,54.0,0.0,118108.0,3.0,0.0,2.0,4.0,0.0,40.0,0.0
150,43.0,1.0,118261.0,10.0,1.0,5.0,0.0,0.0,30.0,0.0
151,32.0,0.0,118551.0,10.0,2.0,3.0,0.0,0.0,45.0,0.0
152,21.0,0.0,118712.0,3.0,2.0,5.0,0.0,0.0,35.0,0.0
153,47.0,1.0,119199.0,1.0,0.0,0.0,0.0,0.0,35.0,0.0
154,49.0,2.0,119565.0,10.0,0.0,2.0,0.0,0.0,40.0,0.0
155,38.0,0.0,120074.0,0.0,0.0,2.0,0.0,0.0,50.0,0.0
156,44.0,0.0,120277.0,0.0,0.0,2.0,0.0,15024.0,50.0,16.0
157,18.0,0.0,120781.0,12.0,2.0,1.0,0.0,0.0,20.0,0.0
158,48.0,0.0,121124.0,1.0,0.0,2.0,0.0,0.0,40.0,0.0
159,24.0,0.0,121313.0,1.0,2.0,1.0,0.0,0.0,50.0,0.0
160,24.0,0.0,121313.0,3.0,0.0,2.0,0.0,0.0,40.0,0.0
161,32.0,0.0,121634.0,12.0,2.0,1.0,0.0,0.0,40.0,20.0
162,39.0,5.0,122011.0,10.0,0.0,0.0,0.0,5178.0,38.0,0.0
163,17.0,0.0,122041.0,2.0,2.0,1.0,0.0,0.0,20.0,0.0
164,45.0,0.0,122195.0,3.0,4.0,5.0,4.0,0.0,40.0,0.0
165,52.0,1.0,123011.0,4.0,0.0,2.0,0.0,0.0,50.0,0.0
166,57.0,2.0,123053.0,4.0,0.0,2.0,1.0,15024.0,50.0,7.0
167,67.0,1.0,123393.0,3.0,0.0,2.0,0.0,6418.0,58.0,0.0
168,22.0,1.0,123440.0,1.0,2.0,3.0,0.0,0.0,48.0,0.0
169,42.0,2.0,123838.0,4.0,0.0,2.0,0.0,0.0,50.0,0.0
170,23.0,0.0,123983.0,6.0,2.0,1.0,1.0,0.0,40.0,0.0
171,46.0,4.0,124071.0,10.0,1.0,5.0,0.0,0.0,65.0,0.0
172,42.0,0.0,124692.0,10.0,0.0,2.0,0.0,0.0,40.0,0.0
173,79.0,0.0,124744.0,1.0,0.0,4.0,0.0,0.0,20.0,0.0
174,28.0,0.0,125527.0,1.0,2.0,3.0,0.0,0.0,50.0,0.0
175,38.0,3.0,125933.0,10.0,0.0,2.0,0.0,0.0,40.0,13.0
176,43.0,5.0,126701.0,0.0,0.0,2.0,0.0,0.0,35.0,0.0
177,57.0,2.0,127728.0,4.0,0.0,2.0,0.0,15024.0,60.0,0.0
178,27.0,3.0,128059.0,1.0,0.0,2.0,0.0,0.0,50.0,0.0
179,52.0,0.0,128378.0,0.0,0.0,2.0,0.0,0.0,40.0,0.0
180,68.0,0.0,128472.0,13.0,0.0,2.0,0.0,0.0,55.0,0.0
181,46.0,0.0,129007.0,0.0,0.0,2.0,0.0,0.0,40.0,0.0
182,32.0,0.0,130057.0,3.0,0.0,2.0,0.0,0.0,55.0,0.0
183,46.0,1.0,131091.0,0.0,0.0,2.0,0.0,0.0,40.0,0.0
184,81.0,5.0,132204.0,11.0,4.0,3.0,0.0,0.0,20.0,0.0
185,64.0,0.0,133166.0,3.0,0.0,2.0,0.0,0.0,5.0,0.0
186,46.0,0.0,133169.0,6.0,0.0,2.0,0.0,0.0,40.0,0.0
187,36.0,0.0,133299.0,6.0,0.0,2.0,0.0,0.0,40.0,0.0
188,24.0,0.0,133520.0,1.0,2.0,1.0,0.0,0.0,15.0,0.0
189,43.0,0.0,133584.0,1.0,0.0,2.0,0.0,0.0,40.0,0.0
190,53.0,2.0,134793.0,1.0,0.0,2.0,0.0,15024.0,50.0,0.0
191,53.0,2.0,134854.0,6.0,0.0,2.0,0.0,0.0,40.0,9.0
192,42.0,0.0,135056.0,3.0,2.0,1.0,0.0,0.0,40.0,0.0
193,29.0,0.0,135296.0,0.0,2.0,3.0,0.0,0.0,45.0,0.0
194,36.0,0.0,136343.0,0.0,0.0,2.0,0.0,0.0,40.0,0.0
195,44.0,0.0,136986.0,1.0,0.0,2.0,0.0,0.0,60.0,0.0
196,30.0,0.0,137076.0,3.0,0.0,2.0,0.0,0.0,40.0,0.0
197,37.0,1.0,137527.0,13.0,2.0,3.0,0.0,0.0,60.0,0.0
198,19.0,0.0,138153.0,1.0,2.0,1.0,0.0,0.0,10.0,0.0
199,77.0,1.0,138714.0,1.0,0.0,2.0,0.0,0.0,40.0,0.0
200,41.0,2.0,139916.0,6.0,0.0,2.0,3.0,0.0,84.0,20.0
201,57.0,0.0,141326.0,3.0,0.0,2.0,0.0,0.0,50.0,0.0
202,48.0,0.0,141511.0,12.0,0.0,2.0,0.0,0.0,45.0,0.0
203,45.0,0.0,142287.0,10.0,0.0,2.0,0.0,0.0,50.0,0.0
204,55.0,0.0,143372.0,3.0,1.0,5.0,4.0,0.0,40.0,0.0
205,52.0,0.0,143953.0,0.0,0.0,2.0,0.0,0.0,40.0,0.0
206,30.0,5.0,144064.0,3.0,0.0,2.0,0.0,0.0,40.0,0.0
207,46.0,0.0,144351.0,10.0,0.0,2.0,0.0,0.0,40.0,0.0
208,52.0,0.0,145166.0,0.0,0.0,2.0,0.0,15024.0,55.0,0.0
209,48.0,0.0,146268.0,0.0,0.0,2.0,0.0,7688.0,40.0,0.0
210,58.0,4.0,147428.0,10.0,0.0,2.0,0.0,0.0,40.0,0.0
211,73.0,0.0,147551.0,1.0,0.0,2.0,0.0,0.0,50.0,0.0
212,73.0,0.0,148003.0,1.0,0.0,0.0,0.0,20051.0,36.0,0.0
213,64.0,0.0,149044.0,10.0,0.0,2.0,1.0,0.0,60.0,11.0
214,53.0,0.0,149217.0,3.0,0.0,2.0,0.0,0.0,40.0,3.0
215,47.0,0.0,149700.0,0.0,0.0,2.0,0.0,15024.0,40.0,0.0
216,28.0,4.0,149991.0,0.0,0.0,2.0,4.0,0.0,42.0,0.0
217,39.0,0.0,150057.0,1.0,0.0,2.0,0.0,0.0,55.0,0.0
218,43.0,2.0,150533.0,6.0,0.0,4.0,0.0,0.0,50.0,0.0
219,20.0,0.0,151105.0,5.0,2.0,1.0,0.0,0.0,25.0,0.0
220,53.0,0.0,151580.0,1.0,0.0,2.0,0.0,15024.0,40.0,0.0
221,51.0,4.0,152754.0,0.0,0.0,2.0,0.0,0.0,40.0,0.0
222,50.0,2.0,152810.0,1.0,0.0,2.0,0.0,0.0,70.0,5.0
223,35.0,0.0,152909.0,0.0,0.0,2.0,0.0,0.0,45.0,0.0
224,41.0,3.0,153132.0,0.0,0.0,2.0,0.0,0.0,38.0,0.0
225,42.0,0.0,153414.0,0.0,0.0,2.0,4.0,0.0,40.0,0.0
226,43.0,0.0,153489.0,0.0,0.0,2.0,0.0,0.0,50.0,0.0
227,43.0,0.0,154538.0,5.0,1.0,3.0,0.0,0.0,40.0,0.0
228,30.0,0.0,154843.0,3.0,0.0,2.0,0.0,0.0,40.0,0.0
229,36.0,0.0,156667.0,0.0,0.0,2.0,0.0,0.0,50.0,0.0
230,18.0,0.0,156950.0,3.0,2.0,1.0,0.0,0.0,35.0,0.0
231,26.0,0.0,157028.0,10.0,2.0,3.0,0.0,0.0,55.0,0.0
232,44.0,0.0,157217.0,5.0,0.0,2.0,0.0,0.0,40.0,0.0
233,44.0,0.0,157249.0,0.0,0.0,2.0,4.0,0.0,50.0,0.0
234,44.0,0.0,157614.0,3.0,1.0,1.0,0.0,0.0,38.0,0.0
235,53.0,0.0,158993.0,3.0,4.0,5.0,4.0,0.0,38.0,0.0
236,57.0,2.0,159028.0,4.0,0.0,2.0,0.0,99999.0,60.0,0.0
237,30.0,0.0,159589.0,0.0,0.0,2.0,0.0,7688.0,50.0,0.0
238,31.0,0.0,159589.0,3.0,2.0,3.0,0.0,0.0,85.0,0.0
239,55.0,0.0,160303.0,3.0,4.0,4.0,0.0,0.0,40.0,0.0
240,51.0,0.0,160703.0,9.0,0.0,2.0,0.0,0.0,45.0,0.0
241,37.0,0.0,161226.0,3.0,0.0,0.0,0.0,0.0,30.0,0.0
242,24.0,0.0,161708.0,3.0,1.0,3.0,0.0,0.0,45.0,0.0
243,44.0,0.0,161819.0,3.0,0.0,2.0,0.0,0.0,40.0,0.0
244,33.0,4.0,161942.0,0.0,2.0,3.0,0.0,1055.0,40.0,0.0
245,45.0,0.0,162187.0,0.0,0.0,2.0,0.0,0.0,52.0,0.0
246,54.0,4.0,163557.0,3.0,2.0,3.0,0.0,0.0,30.0,0.0
247,49.0,0.0,164799.0,3.0,0.0,2.0,0.0,0.0,40.0,0.0
248,44.0,0.0,165492.0,1.0,0.0,2.0,0.0,0.0,40.0,0.0
249,24.0,1.0,166036.0,1.0,0.0,2.0,0.0,0.0,60.0,0.0
250,60.0,0.0,166330.0,3.0,0.0,0.0,0.0,99999.0,40.0,0.0
251,51.0,2.0,166459.0,6.0,0.0,2.0,0.0,0.0,40.0,0.0
252,31.0,3.0,166626.0,3.0,0.0,2.0,0.0,0.0,40.0,0.0
253,44.0,0.0,167005.0,3.0,0.0,2.0,0.0,0.0,48.0,0.0
254,45.0,4.0,167159.0,0.0,0.0,2.0,0.0,0.0,50.0,0.0
255,40.0,0.0,167265.0,10.0,1.0,3.0,0.0,0.0,43.0,0.0
256,39.0,0.0,167728.0,0.0,0.0,2.0,0.0,0.0,40.0,0.0
257,48.0,0.0,168216.0,1.0,0.0,2.0,0.0,0.0,40.0,0.0
258,29.0,0.0,169631.0,3.0,5.0,1.0,0.0,0.0,40.0,0.0
259,57.0,3.0,170603.0,1.0,0.0,2.0,0.0,0.0,40.0,0.0
260,37.0,0.0,171150.0,0.0,0.0,2.0,0.0,99999.0,60.0,0.0
261,45.0,3.0,171335.0,10.0,0.0,2.0,0.0,0.0,50.0,0.0
262,50.0,0.0,171338.0,1.0,0.0,2.0,0.0,99999.0,50.0,0.0
263,27.0,0.0,172009.0,0.0,2.0,3.0,0.0,0.0,40.0,0.0
264,26.0,0.0,172063.0,1.0,2.0,1.0,0.0,0.0,24.0,0.0
265,59.0,0.0,172071.0,3.0,0.0,0.0,4.0,0.0,38.0,18.0
266,30.0,0.0,172304.0,6.0,0.0,2.0,0.0,0.0,55.0,0.0
267,39.0,0.0,173476.0,4.0,0.0,2.0,0.0,7688.0,40.0,0.0
268,30.0,2.0,173858.0,1.0,0.0,2.0,1.0,0.0,40.0,10.0
269,66.0,0.0,174276.0,1.0,4.0,5.0,0.0,0.0,50.0,0.0
270,44.0,5.0,174675.0,3.0,0.0,0.0,0.0,0.0,40.0,0.0
271,43.0,0.0,175224.0,3.0,0.0,2.0,0.0,0.0,60.0,32.0
272,28.0,0.0,175343.0,0.0,0.0,2.0,0.0,0.0,40.0,0.0
273,28.0,1.0,175406.0,10.0,0.0,0.0,0.0,0.0,30.0,0.0
274,33.0,1.0,175502.0,0.0,0.0,2.0,0.0,0.0,60.0,0.0
275,40.0,0.0,175674.0,0.0,0.0,2.0,0.0,0.0,50.0,0.0
276,35.0,1.0,176101.0,3.0,0.0,2.0,0.0,0.0,80.0,0.0
277,39.0,0.0,176186.0,1.0,0.0,2.0,0.0,0.0,50.0,0.0
278,37.0,0.0,176293.0,1.0,5.0,3.0,0.0,0.0,30.0,0.0
279,40.0,0.0,177027.0,0.0,0.0,0.0,1.0,7688.0,52.0,8.0
280,43.0,0.0,177083.0,1.0,1.0,5.0,0.0,0.0,30.0,0.0
281,34.0,0.0,177596.0,6.0,0.0,0.0,0.0,0.0,40.0,3.0
282,41.0,0.0,177905.0,10.0,0.0,2.0,0.0,0.0,45.0,0.0
283,40.0,0.0,177905.0,6.0,0.0,2.0,0.0,7688.0,44.0,0.0
284,33.0,0.0,178449.0,1.0,2.0,3.0,0.0,0.0,49.0,0.0
285,43.0,0.0,178780.0,5.0,0.0,2.0,0.0,0.0,45.0,0.0
286,40.0,0.0,178983.0,3.0,0.0,0.0,0.0,0.0,30.0,0.0
287,54.0,0.0,179291.0,1.0,0.0,2.0,4.0,0.0,56.0,28.0
288,41.0,0.0,179580.0,1.0,1.0,3.0,0.0,0.0,36.0,0.0
289,37.0,0.0,179731.0,3.0,2.0,5.0,0.0,0.0,35.0,0.0
290,26.0,0.0,180246.0,1.0,0.0,2.0,0.0,7688.0,40.0,0.0
291,64.0,0.0,180247.0,8.0,0.0,2.0,4.0,0.0,40.0,0.0
292,37.0,4.0,180342.0,0.0,0.0,2.0,0.0,0.0,40.0,0.0
293,32.0,0.0,180603.0,0.0,0.0,2.0,0.0,0.0,40.0,0.0
294,34.0,0.0,181091.0,0.0,0.0,2.0,0.0,0.0,45.0,0.0
295,47.0,2.0,181130.0,4.0,0.0,2.0,0.0,99999.0,50.0,0.0
296,50.0,0.0,181139.0,1.0,2.0,3.0,0.0,0.0,40.0,0.0
297,28.0,0.0,181291.0,0.0,2.0,3.0,0.0,0.0,50.0,0.0
298,33.0,0.0,181388.0,3.0,3.0,5.0,0.0,0.0,40.0,0.0
299,29.0,1.0,181466.0,3.0,0.0,2.0,0.0,0.0,35.0,0.0
300,26.0,0.0,181597.0,1.0,0.0,2.0,4.0,0.0,40.0,0.0
301,23.0,0.0,181820.0,1.0,2.0,1.0,0.0,0.0,20.0,0.0
302,31.0,5.0,181824.0,0.0,0.0,0.0,0.0,0.0,35.0,0.0
303,18.0,0.0,182042.0,2.0,2.0,1.0,0.0,0.0,19.0,0.0
304,45.0,4.0,182100.0,0.0,0.0,2.0,0.0,0.0,40.0,0.0
305,22.0,0.0,182163.0,3.0,3.0,5.0,0.0,0.0,40.0,0.0
306,31.0,1.0,182177.0,3.0,0.0,2.0,0.0,0.0,40.0,0.0
307,31.0,0.0,182237.0,5.0,0.0,2.0,0.0,4386.0,45.0,0.0
308,25.0,0.0,182771.0,1.0,2.0,1.0,1.0,0.0,40.0,0.0
309,43.0,0.0,183273.0,10.0,0.0,0.0,0.0,15024.0,32.0,0.0
310,72.0,0.0,183616.0,3.0,0.0,0.0,0.0,0.0,50.0,2.0
311,57.0,5.0,183657.0,1.0,0.0,2.0,4.0,0.0,35.0,0.0
312,57.0,1.0,184553.0,3.0,0.0,2.0,0.0,0.0,50.0,0.0
313,48.0,2.0,185041.0,3.0,0.0,2.0,0.0,7298.0,50.0,0.0
314,43.0,0.0,185057.0,3.0,1.0,3.0,0.0,0.0,30.0,0.0
315,55.0,0.0,185436.0,1.0,0.0,2.0,0.0,0.0,70.0,0.0
316,44.0,0.0,185798.0,6.0,3.0,4.0,0.0,0.0,48.0,0.0
317,49.0,5.0,185800.0,10.0,1.0,5.0,4.0,7430.0,40.0,0.0
318,19.0,0.0,186159.0,1.0,2.0,3.0,0.0,0.0,40.0,0.0
319,48.0,0.0,186203.0,3.0,0.0,2.0,0.0,0.0,50.0,0.0
320,39.0,2.0,186934.0,0.0,5.0,3.0,0.0,0.0,40.0,0.0
321,50.0,0.0,187465.0,2.0,1.0,3.0,0.0,0.0,40.0,0.0
322,41.0,0.0,187802.0,1.0,1.0,3.0,0.0,0.0,50.0,0.0
323,30.0,0.0,188398.0,3.0,5.0,3.0,0.0,0.0,30.0,0.0
324,18.0,0.0,188616.0,2.0,2.0,1.0,0.0,0.0,15.0,0.0
325,45.0,0.0,189792.0,10.0,0.0,2.0,0.0,0.0,40.0,0.0
326,57.0,4.0,189824.0,1.0,0.0,2.0,4.0,7298.0,40.0,0.0
327,38.0,0.0,189916.0,1.0,0.0,0.0,0.0,0.0,40.0,0.0
328,56.0,0.0,189975.0,1.0,0.0,2.0,0.0,0.0,60.0,0.0
329,38.0,1.0,190023.0,3.0,0.0,2.0,0.0,0.0,40.0,0.0
330,73.0,1.0,190078.0,1.0,0.0,2.0,0.0,0.0,35.0,0.0
331,34.0,5.0,190290.0,0.0,0.0,2.0,0.0,0.0,38.0,0.0
332,25.0,0.0,190350.0,3.0,2.0,5.0,4.0,0.0,40.0,0.0
333,28.0,0.0,190525.0,10.0,2.0,1.0,0.0,0.0,40.0,0.0
334,27.0,0.0,190525.0,3.0,2.0,3.0,0.0,0.0,50.0,0.0
335,42.0,0.0,190543.0,1.0,0.0,0.0,0.0,0.0,40.0,0.0
336,28.0,0.0,190911.0,3.0,0.0,2.0,0.0,0.0,40.0,0.0
337,47.0,0.0,191277.0,3.0,0.0,2.0,0.0,0.0,50.0,0.0
338,36.0,3.0,192150.0,3.0,1.0,5.0,0.0,0.0,40.0,0.0
339,31.0,4.0,192565.0,10.0,0.0,2.0,0.0,0.0,90.0,0.0
340,35.0,0.0,192626.0,1.0,0.0,2.0,0.0,0.0,50.0,0.0
341,45.0,0.0,192776.0,0.0,0.0,2.0,0.0,7298.0,55.0,0.0
342,45.0,0.0,192835.0,1.0,0.0,2.0,0.0,0.0,40.0,0.0
343,43.0,1.0,193494.0,4.0,0.0,2.0,0.0,0.0,60.0,0.0
344,51.0,0.0,193720.0,3.0,0.0,2.0,0.0,0.0,42.0,0.0
345,25.0,0.0,193787.0,1.0,2.0,1.0,0.0,0.0,40.0,0.0
346,35.0,0.0,193961.0,0.0,0.0,2.0,1.0,0.0,40.0,15.0
347,39.0,1.0,194004.0,3.0,0.0,2.0,0.0,0.0,70.0,0.0
348,42.0,4.0,194417.0,1.0,0.0,2.0,0.0,0.0,40.0,0.0
349,54.0,0.0,194580.0,6.0,0.0,2.0,0.0,0.0,50.0,0.0
350,47.0,0.0,194772.0,6.0,0.0,2.0,0.0,0.0,40.0,0.0
351,48.0,0.0,195437.0,2.0,0.0,2.0,0.0,0.0,40.0,0.0
352,33.0,0.0,195576.0,3.0,0.0,2.0,0.0,4386.0,60.0,0.0
353,25.0,0.0,195994.0,11.0,2.0,3.0,0.0,0.0,40.0,31.0
354,59.0,0.0,196482.0,3.0,4.0,5.0,0.0,0.0,40.0,0.0
355,45.0,0.0,197038.0,0.0,1.0,3.0,0.0,0.0,50.0,0.0
356,50.0,1.0,197054.0,4.0,1.0,3.0,0.0,0.0,50.0,0.0
357,56.0,0.0,197114.0,3.0,2.0,1.0,0.0,0.0,28.0,0.0
358,47.0,3.0,197332.0,0.0,1.0,3.0,0.0,0.0,40.0,0.0
359,27.0,0.0,197380.0,5.0,2.0,3.0,0.0,0.0,40.0,0.0
360,31.0,0.0,197886.0,1.0,0.0,2.0,0.0,15024.0,45.0,0.0
361,44.0,0.0,198282.0,0.0,0.0,2.0,0.0,15024.0,60.0,0.0
362,46.0,1.0,198759.0,4.0,0.0,2.0,0.0,0.0,80.0,0.0
363,52.0,1.0,199265.0,3.0,1.0,3.0,4.0,0.0,40.0,0.0
364,46.0,0.0,199316.0,1.0,0.0,4.0,1.0,0.0,40.0,7.0
365,51.0,0.0,199995.0,7.0,0.0,2.0,0.0,0.0,50.0,0.0
366,50.0,4.0,199995.0,0.0,1.0,3.0,0.0,0.0,40.0,0.0
367,53.0,0.0,200190.0,1.0,1.0,3.0,0.0,0.0,40.0,0.0
368,57.0,0.0,200316.0,1.0,0.0,2.0,0.0,0.0,40.0,0.0
369,22.0,0.0,200374.0,3.0,2.0,4.0,0.0,0.0,35.0,0.0
370,42.0,1.0,201522.0,0.0,0.0,2.0,0.0,0.0,60.0,0.0
371,18.0,0.0,201613.0,9.0,2.0,1.0,0.0,0.0,20.0,0.0
372,44.0,0.0,201723.0,0.0,0.0,2.0,0.0,15024.0,45.0,0.0
373,39.0,1.0,202027.0,4.0,0.0,2.0,0.0,0.0,50.0,0.0
374,50.0,0.0,202296.0,6.0,3.0,5.0,0.0,0.0,40.0,0.0
375,33.0,0.0,202642.0,0.0,3.0,4.0,4.0,0.0,40.0,18.0
376,58.0,0.0,202652.0,3.0,4.0,3.0,0.0,0.0,37.0,0.0
377,59.0,0.0,202682.0,3.0,0.0,2.0,0.0,0.0,40.0,0.0
378,34.0,1.0,204052.0,3.0,0.0,2.0,0.0,0.0,40.0,0.0
379,60.0,4.0,204062.0,10.0,0.0,2.0,0.0,0.0,48.0,0.0
380,45.0,2.0,204205.0,1.0,0.0,2.0,0.0,0.0,50.0,0.0
381,50.0,1.0,204402.0,3.0,0.0,2.0,0.0,0.0,84.0,0.0
382,20.0,0.0,204641.0,1.0,2.0,1.0,0.0,0.0,40.0,0.0
383,37.0,0.0,205339.0,3.0,1.0,3.0,0.0,0.0,49.0,0.0
384,30.0,2.0,205733.0,1.0,2.0,3.0,0.0,0.0,60.0,0.0
385,21.0,0.0,205838.0,3.0,2.0,1.0,0.0,0.0,37.0,0.0
386,22.0,0.0,205940.0,0.0,2.0,3.0,0.0,0.0,40.0,0.0
387,40.0,0.0,207025.0,3.0,2.0,3.0,0.0,6849.0,38.0,0.0
388,31.0,3.0,207301.0,3.0,0.0,0.0,0.0,0.0,40.0,0.0
389,30.0,0.0,207668.0,1.0,2.0,1.0,0.0,0.0,30.0,0.0
390,32.0,0.0,208291.0,3.0,0.0,2.0,0.0,0.0,50.0,0.0
391,55.0,0.0,208451.0,10.0,0.0,2.0,0.0,0.0,40.0,0.0
392,29.0,0.0,208577.0,3.0,0.0,2.0,0.0,0.0,40.0,0.0
393,23.0,0.0,209034.0,3.0,0.0,0.0,0.0,3942.0,40.0,0.0
394,55.0,4.0,209535.0,10.0,0.0,2.0,0.0,0.0,40.0,0.0
395,43.0,0.0,209894.0,3.0,0.0,0.0,0.0,0.0,40.0,0.0
396,42.0,0.0,210525.0,10.0,2.0,3.0,0.0,0.0,40.0,0.0
397,21.0,0.0,211301.0,1.0,2.0,1.0,0.0,0.0,8.0,0.0
398,23.0,0.0,211527.0,1.0,2.0,1.0,0.0,0.0,60.0,0.0
399,47.0,2.0,212120.0,3.0,0.0,2.0,0.0,0.0,40.0,0.0
400,54.0,1.0,212165.0,3.0,0.0,2.0,0.0,0.0,60.0,0.0
401,59.0,4.0,212600.0,1.0,3.0,3.0,0.0,0.0,40.0,0.0
402,25.0,0.0,212800.0,1.0,2.0,1.0,0.0,0.0,40.0,0.0
403,23.0,0.0,213115.0,3.0,2.0,1.0,4.0,0.0,40.0,0.0
404,28.0,4.0,213195.0,5.0,0.0,0.0,0.0,0.0,40.0,0.0
405,23.0,0.0,213811.0,0.0,2.0,1.0,0.0,0.0,40.0,0.0
406,42.0,0.0,213821.0,3.0,0.0,2.0,0.0,0.0,40.0,0.0
407,29.0,0.0,213842.0,1.0,0.0,2.0,0.0,0.0,40.0,0.0
408,38.0,1.0,214008.0,3.0,0.0,2.0,0.0,0.0,50.0,0.0
409,35.0,0.0,214816.0,0.0,0.0,2.0,0.0,0.0,40.0,0.0
410,18.0,0.0,215110.0,3.0,2.0,1.0,4.0,0.0,40.0,0.0
411,61.0,1.0,215591.0,3.0,0.0,2.0,0.0,0.0,40.0,0.0
412,24.0,5.0,215797.0,0.0,2.0,3.0,0.0,0.0,40.0,0.0
413,25.0,0.0,216583.0,0.0,0.0,2.0,0.0,0.0,43.0,0.0
414,44.0,0.0,216907.0,5.0,0.0,2.0,0.0,0.0,40.0,0.0
415,58.0,0.0,216941.0,3.0,1.0,5.0,0.0,0.0,40.0,0.0
416,47.0,4.0,219632.0,5.0,3.0,3.0,0.0,0.0,40.0,0.0
417,24.0,0.0,219754.0,3.0,2.0,1.0,0.0,0.0,40.0,0.0
418,18.0,0.0,219841.0,2.0,2.0,1.0,0.0,0.0,12.0,0.0
419,61.0,0.0,219886.0,1.0,0.0,0.0,0.0,0.0,40.0,0.0
420,41.0,0.0,220132.0,3.0,0.0,2.0,0.0,7298.0,40.0,0.0
421,41.0,0.0,220460.0,3.0,2.0,1.0,0.0,0.0,40.0,0.0
422,41.0,2.0,220821.0,0.0,0.0,2.0,0.0,7688.0,40.0,0.0
423,26.0,1.0,221626.0,3.0,0.0,0.0,0.0,0.0,20.0,0.0
424,46.0,4.0,222115.0,0.0,1.0,3.0,0.0,99999.0,40.0,0.0
425,41.0,0.0,222504.0,4.0,1.0,5.0,0.0,0.0,38.0,0.0
426,32.0,0.0,222548.0,3.0,1.0,1.0,0.0,0.0,40.0,0.0
427,37.0,4.0,223020.0,6.0,2.0,5.0,4.0,0.0,32.0,0.0
428,59.0,2.0,223215.0,0.0,0.0,2.0,0.0,0.0,50.0,0.0
429,38.0,4.0,223237.0,10.0,0.0,2.0,0.0,0.0,40.0,0.0
430,36.0,4.0,223433.0,6.0,0.0,2.0,0.0,0.0,53.0,0.0
431,19.0,0.0,223648.0,3.0,2.0,3.0,0.0,4101.0,48.0,0.0
432,26.0,1.0,224361.0,8.0,0.0,2.0,0.0,0.0,75.0,0.0
433,36.0,0.0,225399.0,3.0,0.0,2.0,0.0,7298.0,40.0,0.0
434,44.0,0.0,225879.0,1.0,0.0,0.0,3.0,0.0,30.0,20.0
435,26.0,0.0,226288.0,0.0,2.0,3.0,0.0,0.0,40.0,0.0
436,46.0,4.0,226871.0,0.0,1.0,3.0,4.0,0.0,50.0,0.0
437,30.0,0.0,227146.0,0.0,0.0,2.0,0.0,0.0,40.0,0.0
438,42.0,0.0,228320.0,1.0,0.0,2.0,0.0,0.0,50.0,0.0
439,27.0,0.0,228472.0,0.0,0.0,2.0,0.0,0.0,45.0,0.0
440,44.0,0.0,230684.0,0.0,0.0,2.0,0.0,7688.0,50.0,0.0
441,17.0,0.0,231439.0,2.0,2.0,1.0,0.0,0.0,30.0,0.0
442,61.0,0.0,232308.0,3.0,0.0,2.0,0.0,0.0,45.0,0.0
443,67.0,0.0,233022.0,2.0,4.0,5.0,0.0,0.0,20.0,0.0
444,67.0,4.0,233681.0,5.0,0.0,2.0,0.0,0.0,35.0,0.0
445,53.0,0.0,233780.0,6.0,1.0,3.0,4.0,2202.0,40.0,0.0
446,43.0,4.0,233865.0,3.0,0.0,2.0,0.0,0.0,40.0,0.0
447,73.0,1.0,233882.0,3.0,0.0,2.0,1.0,0.0,40.0,19.0
448,20.0,0.0,234474.0,1.0,2.0,1.0,4.0,0.0,20.0,0.0
449,37.0,0.0,234901.0,1.0,0.0,2.0,0.0,0.0,50.0,5.0
450,46.0,0.0,237731.0,6.0,0.0,2.0,0.0,0.0,40.0,0.0
451,55.0,0.0,238638.0,3.0,0.0,2.0,0.0,4386.0,40.0,0.0
452,38.0,0.0,238980.0,1.0,0.0,2.0,0.0,0.0,40.0,0.0
453,47.0,2.0,239321.0,0.0,0.0,2.0,0.0,0.0,40.0,0.0
454,69.0,1.0,240562.0,4.0,0.0,2.0,0.0,99999.0,40.0,0.0
455,17.0,0.0,242773.0,2.0,2.0,1.0,0.0,0.0,20.0,0.0
456,43.0,0.0,243380.0,1.0,0.0,2.0,0.0,0.0,40.0,0.0
457,31.0,4.0,243665.0,3.0,0.0,2.0,0.0,0.0,41.0,0.0
458,44.0,5.0,244974.0,0.0,0.0,2.0,0.0,0.0,44.0,0.0
459,26.0,0.0,245628.0,2.0,2.0,5.0,0.0,0.0,20.0,0.0
460,30.0,0.0,246439.0,1.0,1.0,5.0,0.0,0.0,40.0,0.0
461,45.0,0.0,246891.0,0.0,0.0,2.0,0.0,0.0,40.0,0.0
462,33.0,0.0,247205.0,0.0,0.0,2.0,4.0,0.0,40.0,2.0
463,45.0,0.0,247869.0,0.0,0.0,2.0,0.0,0.0,60.0,0.0
464,46.0,0.0,249686.0,4.0,3.0,3.0,0.0,0.0,50.0,0.0
465,19.0,0.0,249787.0,3.0,2.0,4.0,4.0,0.0,40.0,0.0
466,90.0,0.0,250832.0,12.0,0.0,2.0,0.0,0.0,40.0,0.0
467,29.0,0.0,251905.0,5.0,0.0,2.0,0.0,0.0,45.0,0.0
468,39.0,0.0,252327.0,8.0,2.0,1.0,0.0,0.0,40.0,20.0
469,26.0,0.0,253841.0,3.0,2.0,3.0,0.0,0.0,45.0,0.0
470,40.0,0.0,254478.0,1.0,0.0,2.0,0.0,7298.0,50.0,0.0
471,30.0,0.0,255885.0,1.0,0.0,2.0,0.0,0.0,50.0,0.0
472,37.0,0.0,256723.0,1.0,1.0,5.0,4.0,0.0,35.0,0.0
473,36.0,1.0,257250.0,8.0,2.0,1.0,0.0,0.0,75.0,0.0
474,60.0,4.0,259803.0,0.0,0.0,0.0,0.0,0.0,45.0,0.0
475,32.0,0.0,260868.0,0.0,0.0,2.0,4.0,0.0,40.0,0.0
476,65.0,0.0,262446.0,2.0,0.0,2.0,0.0,0.0,20.0,0.0
477,30.0,0.0,262994.0,1.0,1.0,3.0,4.0,0.0,40.0,0.0
478,32.0,0.0,263908.0,0.0,0.0,2.0,0.0,0.0,40.0,0.0
479,34.0,0.0,265807.0,3.0,0.0,2.0,0.0,0.0,55.0,0.0
480,45.0,0.0,266860.0,0.0,0.0,2.0,0.0,0.0,50.0,0.0
481,23.0,0.0,267471.0,9.0,2.0,1.0,0.0,0.0,25.0,0.0
482,41.0,0.0,268183.0,4.0,0.0,2.0,0.0,0.0,45.0,0.0
483,43.0,5.0,270721.0,0.0,0.0,2.0,0.0,0.0,55.0,0.0
484,30.0,0.0,270886.0,1.0,2.0,1.0,0.0,0.0,40.0,0.0
485,32.0,0.0,270968.0,0.0,1.0,3.0,0.0,0.0,50.0,0.0
486,17.0,0.0,271837.0,1.0,2.0,1.0,0.0,0.0,16.0,0.0
487,36.0,0.0,273604.0,0.0,2.0,3.0,0.0,0.0,40.0,0.0
488,29.0,0.0,274010.0,1.0,2.0,3.0,0.0,0.0,45.0,0.0
489,39.0,1.0,274683.0,1.0,0.0,2.0,0.0,7688.0,50.0,0.0
490,24.0,0.0,275884.0,3.0,3.0,5.0,4.0,0.0,40.0,0.0
491,42.0,2.0,277256.0,13.0,0.0,2.0,0.0,0.0,60.0,0.0
492,54.0,1.0,278230.0,1.0,1.0,5.0,0.0,10520.0,30.0,0.0
493,18.0,0.0,279593.0,2.0,2.0,1.0,0.0,0.0,2.0,0.0
494,22.0,1.0,279802.0,1.0,2.0,1.0,0.0,0.0,3.0,0.0
495,58.0,5.0,279878.0,10.0,0.0,2.0,0.0,0.0,40.0,0.0
496,44.0,3.0,280362.0,5.0,0.0,2.0,0.0,0.0,40.0,0.0
497,37.0,0.0,280966.0,1.0,0.0,2.0,0.0,0.0,50.0,0.0
498,35.0,0.0,283237.0,3.0,2.0,1.0,0.0,0.0,40.0,0.0
499,53.0,0.0,283602.0,0.0,1.0,3.0,0.0,13550.0,43.0,0.0
500,41.0,5.0,283917.0,6.0,0.0,2.0,0.0,0.0,35.0,0.0
501,36.0,0.0,284166.0,3.0,2.0,5.0,0.0,0.0,60.0,0.0
502,23.0,0.0,284898.0,1.0,2.0,1.0,0.0,0.0,30.0,0.0
503,19.0,0.0,285263.0,3.0,2.0,1.0,0.0,0.0,40.0,0.0
504,40.0,0.0,285787.0,5.0,0.0,2.0,0.0,0.0,40.0,0.0
505,37.0,0.0,286026.0,3.0,0.0,2.0,0.0,0.0,40.0,0.0
506,53.0,0.0,288020.0,0.0,0.0,2.0,1.0,0.0,40.0,8.0
507,41.0,0.0,288568.0,3.0,0.0,2.0,0.0,0.0,40.0,0.0
508,51.0,0.0,289572.0,0.0,0.0,2.0,0.0,7688.0,50.0,0.0
509,26.0,0.0,289980.0,14.0,0.0,2.0,0.0,0.0,30.0,20.0
510,56.0,0.0,290641.0,0.0,0.0,2.0,0.0,0.0,50.0,0.0
511,28.0,0.0,291374.0,3.0,2.0,5.0,4.0,0.0,40.0,0.0
512,22.0,0.0,291386.0,1.0,2.0,3.0,0.0,0.0,40.0,0.0
513,43.0,1.0,292175.0,10.0,1.0,5.0,0.0,0.0,45.0,0.0
514,74.0,1.0,292915.0,0.0,0.0,2.0,0.0,0.0,12.0,0.0
515,51.0,0.0,293196.0,13.0,0.0,2.0,0.0,15024.0,60.0,13.0
516,32.0,0.0,295589.0,10.0,0.0,2.0,4.0,0.0,40.0,0.0
517,22.0,0.0,297380.0,3.0,2.0,1.0,4.0,0.0,40.0,0.0
518,53.0,2.0,298215.0,0.0,0.0,2.0,0.0,0.0,45.0,0.0
519,35.0,4.0,302149.0,0.0,0.0,2.0,1.0,7298.0,40.0,15.0
520,43.0,0.0,304175.0,10.0,0.0,2.0,0.0,0.0,50.0,0.0
521,25.0,0.0,306908.0,0.0,0.0,2.0,0.0,0.0,45.0,0.0
522,59.0,1.0,309124.0,3.0,0.0,2.0,0.0,0.0,40.0,0.0
523,25.0,0.0,312157.0,1.0,2.0,3.0,0.0,0.0,40.0,0.0
524,64.0,0.0,312242.0,1.0,4.0,3.0,0.0,0.0,3.0,0.0
525,30.0,0.0,313038.0,3.0,2.0,3.0,0.0,0.0,40.0,0.0
526,28.0,0.0,314177.0,12.0,2.0,4.0,4.0,0.0,40.0,0.0
527,33.0,0.0,314310.0,3.0,5.0,3.0,0.0,0.0,20.0,0.0
528,55.0,0.0,314592.0,3.0,0.0,2.0,0.0,0.0,40.0,0.0
529,30.0,0.0,316471.0,0.0,2.0,3.0,0.0,0.0,50.0,0.0
530,53.0,0.0,317313.0,3.0,0.0,2.0,0.0,0.0,60.0,0.0
531,45.0,0.0,319637.0,3.0,1.0,5.0,0.0,0.0,40.0,0.0
532,32.0,0.0,321313.0,10.0,2.0,1.0,4.0,0.0,40.0,0.0
533,27.0,0.0,321577.0,3.0,2.0,1.0,4.0,0.0,40.0,0.0
534,54.0,0.0,326156.0,1.0,0.0,2.0,0.0,0.0,40.0,0.0
535,29.0,0.0,327779.0,1.0,0.0,2.0,0.0,0.0,20.0,0.0
536,57.0,1.0,327901.0,12.0,0.0,2.0,0.0,0.0,40.0,0.0
537,25.0,4.0,334267.0,1.0,0.0,2.0,0.0,0.0,40.0,0.0
538,67.0,0.0,336163.0,3.0,0.0,2.0,0.0,0.0,24.0,0.0
539,23.0,0.0,336360.0,8.0,2.0,1.0,4.0,0.0,40.0,0.0
540,56.0,0.0,340171.0,3.0,0.0,2.0,4.0,0.0,40.0,0.0
541,23.0,0.0,340543.0,0.0,2.0,3.0,0.0,0.0,38.0,0.0
542,42.0,0.0,341204.0,5.0,1.0,5.0,0.0,8614.0,40.0,0.0
543,45.0,0.0,341762.0,10.0,0.0,2.0,0.0,0.0,65.0,0.0
544,46.0,3.0,341762.0,0.0,0.0,2.0,0.0,7688.0,45.0,0.0
545,44.0,0.0,343591.0,3.0,1.0,3.0,0.0,14344.0,40.0,0.0
546,63.0,1.0,344128.0,0.0,0.0,2.0,0.0,0.0,50.0,0.0
547,41.0,1.0,344329.0,3.0,0.0,2.0,0.0,0.0,10.0,0.0
548,54.0,0.0,346014.0,1.0,0.0,0.0,0.0,0.0,40.0,0.0
549,53.0,0.0,346871.0,3.0,1.0,3.0,0.0,4787.0,46.0,0.0
550,33.0,0.0,347623.0,10.0,2.0,5.0,0.0,0.0,40.0,0.0
551,51.0,4.0,349431.0,3.0,0.0,2.0,0.0,4386.0,40.0,0.0
552,49.0,4.0,349633.0,10.0,0.0,0.0,0.0,0.0,50.0,0.0
553,45.0,0.0,350440.0,3.0,0.0,2.0,1.0,0.0,40.0,0.0
554,23.0,0.0,352606.0,3.0,1.0,5.0,0.0,0.0,40.0,0.0
555,25.0,0.0,353795.0,1.0,0.0,0.0,4.0,3103.0,40.0,0.0
556,29.0,5.0,356089.0,0.0,0.0,2.0,0.0,7688.0,40.0,0.0
557,41.0,3.0,356934.0,1.0,0.0,2.0,0.0,0.0,44.0,0.0
558,37.0,0.0,360743.0,1.0,0.0,2.0,4.0,0.0,40.0,0.0
559,81.0,0.0,364099.0,1.0,1.0,3.0,0.0,0.0,20.0,0.0
560,45.0,1.0,364365.0,0.0,2.0,3.0,0.0,0.0,35.0,0.0
561,27.0,0.0,367390.0,1.0,2.0,5.0,0.0,0.0,50.0,0.0
562,57.0,2.0,368797.0,3.0,0.0,2.0,0.0,0.0,40.0,0.0
563,42.0,0.0,369131.0,5.0,0.0,2.0,0.0,0.0,55.0,0.0
564,42.0,0.0,373469.0,3.0,0.0,2.0,0.0,0.0,40.0,0.0
565,24.0,0.0,374253.0,3.0,3.0,3.0,0.0,0.0,55.0,0.0
566,41.0,1.0,375574.0,1.0,0.0,2.0,0.0,0.0,60.0,20.0
567,33.0,0.0,377283.0,0.0,3.0,3.0,0.0,0.0,50.0,0.0
568,63.0,0.0,383058.0,0.0,0.0,2.0,0.0,0.0,40.0,0.0
569,29.0,4.0,383745.0,1.0,0.0,2.0,0.0,0.0,40.0,0.0
570,25.0,0.0,385646.0,3.0,2.0,1.0,0.0,0.0,40.0,0.0
571,33.0,0.0,394727.0,12.0,2.0,5.0,4.0,0.0,40.0,0.0
572,18.0,0.0,395026.0,2.0,2.0,1.0,0.0,0.0,12.0,0.0
573,38.0,0.0,396595.0,1.0,0.0,2.0,1.0,0.0,40.0,0.0
574,25.0,0.0,396633.0,1.0,0.0,0.0,4.0,0.0,56.0,0.0
575,60.0,0.0,399387.0,8.0,3.0,5.0,4.0,0.0,15.0,0.0
576,38.0,1.0,403391.0,0.0,0.0,2.0,0.0,0.0,60.0,0.0
577,24.0,0.0,403671.0,3.0,0.0,2.0,0.0,0.0,60.0,0.0
578,29.0,0.0,406662.0,3.0,2.0,3.0,0.0,0.0,40.0,0.0
579,47.0,0.0,408788.0,6.0,0.0,2.0,0.0,0.0,40.0,0.0
580,23.0,0.0,413345.0,0.0,2.0,3.0,0.0,0.0,60.0,0.0
581,46.0,0.0,415051.0,1.0,0.0,2.0,4.0,0.0,60.0,0.0
582,19.0,0.0,418176.0,3.0,2.0,3.0,4.0,0.0,32.0,0.0
583,53.0,0.0,424079.0,10.0,0.0,2.0,0.0,15024.0,55.0,0.0
584,30.0,0.0,426017.0,2.0,2.0,1.0,0.0,0.0,19.0,0.0
585,43.0,0.0,427382.0,10.0,2.0,3.0,0.0,0.0,50.0,0.0
586,20.0,0.0,431745.0,1.0,2.0,3.0,4.0,0.0,14.0,0.0
587,28.0,0.0,435842.0,0.0,0.0,2.0,0.0,0.0,40.0,0.0
588,28.0,5.0,445824.0,10.0,0.0,0.0,0.0,0.0,50.0,0.0
589,42.0,3.0,460214.0,1.0,0.0,2.0,0.0,0.0,40.0,0.0
590,26.0,0.0,476558.0,8.0,2.0,3.0,0.0,0.0,40.0,20.0
591,28.0,0.0,478315.0,0.0,2.0,1.0,4.0,0.0,40.0,0.0
592,43.0,0.0,483450.0,7.0,0.0,2.0,0.0,0.0,40.0,20.0
593,19.0,0.0,544091.0,3.0,6.0,0.0,0.0,0.0,25.0,0.0
594,57.0,0.0,548256.0,9.0,0.0,2.0,4.0,7688.0,40.0,0.0
595,34.0,0.0,561334.0,1.0,0.0,2.0,0.0,0.0,50.0,0.0
596,52.0,2.0,561489.0,10.0,1.0,3.0,4.0,0.0,50.0,0.0
597,20.0,0.0,653574.0,1.0,2.0,1.0,0.0,0.0,33.0,36.0
598,34.0,0.0,737315.0,0.0,0.0,2.0,0.0,0.0,40.0,0.0
599,41.0,0.0,806552.0,1.0,0.0,2.0,0.0,0.0,50.0,0.0
