object,A1,A2,A3,A4,A5,A6,A7,A8,A9,A10,A11,A12,A13,A14,A15
0,0.0,30.83,0.0,0.0,0.0,9.0,0.0,1.25,0.0,0.0,1.0,1.0,0.0,202.0,0.0
1,1.0,58.67,4.46,0.0,0.0,8.0,1.0,3.04,0.0,0.0,6.0,1.0,0.0,43.0,560.0
2,1.0,24.5,0.5,0.0,0.0,8.0,1.0,1.5,0.0,1.0,0.0,1.0,0.0,280.0,824.0
3,0.0,27.83,1.54,0.0,0.0,9.0,0.0,3.75,0.0,0.0,5.0,0.0,0.0,100.0,3.0
4,0.0,20.17,5.625,0.0,0.0,9.0,0.0,1.71,0.0,1.0,0.0,1.0,2.0,120.0,0.0
5,0.0,32.08,4.0,0.0,0.0,6.0,0.0,2.5,0.0,1.0,0.0,0.0,0.0,360.0,0.0
6,0.0,33.17,1.04,0.0,0.0,7.0,1.0,6.5,0.0,1.0,0.0,0.0,0.0,164.0,31285.0
7,1.0,22.92,11.585,0.0,0.0,2.0,0.0,0.04,0.0,1.0,0.0,1.0,0.0,80.0,1349.0
8,0.0,54.42,0.5,1.0,1.0,5.0,1.0,3.96,0.0,1.0,0.0,1.0,0.0,180.0,314.0
9,0.0,42.5,4.915,1.0,1.0,9.0,0.0,3.165,0.0,1.0,0.0,0.0,0.0,52.0,1442.0
10,0.0,22.08,0.83,0.0,0.0,0.0,1.0,2.165,1.0,1.0,0.0,0.0,0.0,128.0,0.0
11,0.0,29.92,1.835,0.0,0.0,0.0,1.0,4.335,0.0,1.0,0.0,1.0,0.0,260.0,200.0
12,1.0,38.25,6.0,0.0,0.0,5.0,0.0,1.0,0.0,1.0,0.0,0.0,0.0,0.0,0.0
13,0.0,48.08,6.04,0.0,0.0,5.0,0.0,0.04,1.0,1.0,0.0,1.0,0.0,0.0,2690.0
14,1.0,45.83,10.5,0.0,0.0,8.0,0.0,5.0,0.0,0.0,7.0,0.0,0.0,0.0,0.0
15,0.0,36.67,4.415,1.0,1.0,5.0,0.0,0.25,0.0,0.0,10.0,0.0,0.0,320.0,0.0
16,0.0,28.25,0.875,0.0,0.0,6.0,0.0,0.96,0.0,0.0,3.0,0.0,0.0,396.0,0.0
17,1.0,23.25,5.875,0.0,0.0,8.0,0.0,3.17,0.0,0.0,10.0,1.0,0.0,120.0,245.0
18,0.0,21.83,0.25,0.0,0.0,1.0,1.0,0.665,0.0,1.0,0.0,0.0,0.0,0.0,0.0
19,1.0,19.17,8.585,0.0,0.0,2.0,1.0,0.75,0.0,0.0,7.0,1.0,0.0,96.0,0.0
20,0.0,25.0,11.25,0.0,0.0,0.0,0.0,2.5,0.0,0.0,17.0,1.0,0.0,200.0,1208.0
21,0.0,23.25,1.0,0.0,0.0,0.0,0.0,0.835,0.0,1.0,0.0,1.0,2.0,300.0,0.0
22,1.0,47.75,8.0,0.0,0.0,0.0,0.0,7.875,0.0,0.0,6.0,0.0,0.0,0.0,1260.0
23,1.0,27.42,14.5,0.0,0.0,10.0,1.0,3.085,0.0,0.0,1.0,1.0,0.0,120.0,11.0
24,1.0,41.17,6.5,0.0,0.0,8.0,0.0,0.5,0.0,0.0,3.0,0.0,0.0,145.0,0.0
25,1.0,15.83,0.585,0.0,0.0,0.0,1.0,1.5,0.0,0.0,2.0,1.0,0.0,100.0,0.0
26,1.0,47.0,13.0,0.0,0.0,3.0,2.0,5.165,0.0,0.0,9.0,0.0,0.0,0.0,0.0
27,0.0,56.58,18.5,0.0,0.0,1.0,2.0,15.0,0.0,0.0,17.0,0.0,0.0,0.0,0.0
28,0.0,57.42,8.5,0.0,0.0,11.0,1.0,7.0,0.0,0.0,3.0,1.0,0.0,0.0,0.0
29,0.0,42.08,1.04,0.0,0.0,9.0,0.0,5.0,0.0,0.0,6.0,0.0,0.0,500.0,10000.0
30,0.0,29.25,14.79,0.0,0.0,12.0,0.0,5.04,0.0,0.0,5.0,0.0,0.0,168.0,0.0
31,0.0,42.0,9.79,0.0,0.0,10.0,1.0,7.96,0.0,0.0,8.0,1.0,0.0,0.0,0.0
32,0.0,49.5,7.585,0.0,0.0,3.0,2.0,7.585,0.0,0.0,15.0,0.0,0.0,0.0,5000.0
33,1.0,36.75,5.125,0.0,0.0,11.0,0.0,5.0,0.0,1.0,0.0,0.0,0.0,0.0,4000.0
34,1.0,22.58,10.75,0.0,0.0,8.0,0.0,0.415,0.0,0.0,5.0,0.0,0.0,0.0,560.0
35,0.0,27.83,1.5,0.0,0.0,9.0,0.0,2.0,0.0,0.0,11.0,0.0,0.0,434.0,35.0
36,0.0,27.25,1.585,0.0,0.0,2.0,1.0,1.835,0.0,0.0,12.0,0.0,0.0,583.0,713.0
37,1.0,23.0,11.75,0.0,0.0,10.0,1.0,0.5,0.0,0.0,2.0,0.0,0.0,300.0,551.0
38,0.0,27.75,0.585,1.0,1.0,2.0,0.0,0.25,0.0,0.0,2.0,1.0,0.0,260.0,500.0
39,0.0,54.58,9.415,0.0,0.0,13.0,7.0,14.415,0.0,0.0,11.0,0.0,0.0,30.0,300.0
40,0.0,34.17,9.17,0.0,0.0,0.0,0.0,4.5,0.0,0.0,12.0,0.0,0.0,0.0,221.0
41,0.0,28.92,15.0,0.0,0.0,0.0,1.0,5.335,0.0,0.0,11.0,1.0,0.0,0.0,2283.0
42,0.0,29.67,1.415,0.0,0.0,9.0,1.0,0.75,0.0,0.0,1.0,1.0,0.0,240.0,100.0
43,0.0,39.58,13.915,0.0,0.0,9.0,0.0,8.625,0.0,0.0,6.0,0.0,0.0,70.0,0.0
44,0.0,56.42,28.0,1.0,1.0,0.0,0.0,28.5,0.0,0.0,40.0,1.0,0.0,0.0,15.0
45,0.0,54.33,6.75,0.0,0.0,0.0,1.0,2.625,0.0,0.0,11.0,0.0,0.0,0.0,284.0
46,1.0,41.0,2.04,1.0,1.0,8.0,1.0,0.125,0.0,0.0,23.0,0.0,0.0,455.0,1236.0
47,0.0,31.92,4.46,0.0,0.0,2.0,1.0,6.04,0.0,0.0,3.0,1.0,0.0,311.0,300.0
48,0.0,41.5,1.54,0.0,0.0,3.0,2.0,3.5,1.0,1.0,0.0,1.0,0.0,216.0,0.0
49,0.0,23.92,0.665,0.0,0.0,0.0,0.0,0.165,1.0,1.0,0.0,1.0,0.0,100.0,0.0
50,1.0,25.75,0.5,0.0,0.0,0.0,1.0,0.875,0.0,1.0,0.0,0.0,0.0,491.0,0.0
51,0.0,26.0,1.0,0.0,0.0,8.0,0.0,1.75,0.0,1.0,0.0,0.0,0.0,280.0,0.0
52,0.0,37.42,2.04,0.0,0.0,9.0,0.0,0.04,0.0,1.0,0.0,0.0,0.0,400.0,5800.0
53,0.0,34.92,2.5,0.0,0.0,9.0,0.0,0.0,0.0,1.0,0.0,0.0,0.0,239.0,200.0
54,0.0,34.25,3.0,0.0,0.0,2.0,1.0,7.415,0.0,1.0,0.0,0.0,0.0,0.0,0.0
55,0.0,23.33,11.625,1.0,1.0,9.0,0.0,0.835,0.0,1.0,0.0,0.0,0.0,160.0,300.0
56,0.0,23.17,0.0,0.0,0.0,2.0,0.0,0.085,0.0,1.0,0.0,1.0,0.0,0.0,0.0
57,0.0,44.33,0.5,0.0,0.0,3.0,1.0,5.0,0.0,1.0,0.0,0.0,0.0,320.0,0.0
58,0.0,35.17,4.5,0.0,0.0,10.0,1.0,5.75,1.0,1.0,0.0,0.0,2.0,711.0,0.0
59,0.0,43.25,3.0,0.0,0.0,8.0,1.0,6.0,0.0,0.0,11.0,1.0,0.0,80.0,0.0
60,0.0,56.75,12.25,0.0,0.0,6.0,0.0,1.25,0.0,0.0,4.0,0.0,0.0,200.0,0.0
61,0.0,31.67,16.165,0.0,0.0,1.0,0.0,3.0,0.0,0.0,9.0,1.0,0.0,250.0,730.0
62,1.0,23.42,0.79,1.0,1.0,8.0,0.0,1.5,0.0,0.0,2.0,0.0,0.0,80.0,400.0
63,1.0,20.42,0.835,0.0,0.0,8.0,0.0,1.585,0.0,0.0,1.0,1.0,0.0,0.0,0.0
64,0.0,26.67,4.25,0.0,0.0,2.0,0.0,4.29,0.0,0.0,1.0,0.0,0.0,120.0,0.0
65,0.0,34.17,1.54,0.0,0.0,2.0,0.0,1.54,0.0,0.0,1.0,0.0,0.0,520.0,50000.0
66,1.0,36.0,1.0,0.0,0.0,0.0,0.0,2.0,0.0,0.0,11.0,1.0,0.0,0.0,456.0
67,0.0,25.5,0.375,0.0,0.0,6.0,0.0,0.25,0.0,0.0,3.0,1.0,0.0,260.0,15108.0
68,0.0,19.42,6.5,0.0,0.0,9.0,1.0,1.46,0.0,0.0,7.0,1.0,0.0,80.0,2954.0
69,0.0,35.17,25.125,0.0,0.0,10.0,1.0,1.625,0.0,0.0,1.0,0.0,0.0,515.0,500.0
70,0.0,32.33,7.5,0.0,0.0,11.0,2.0,1.585,0.0,1.0,0.0,0.0,2.0,420.0,0.0
71,0.0,34.83,4.0,0.0,0.0,1.0,2.0,12.5,0.0,1.0,0.0,0.0,0.0,,0.0
72,1.0,38.58,5.0,0.0,0.0,2.0,0.0,13.5,0.0,1.0,0.0,0.0,0.0,980.0,0.0
73,0.0,44.25,0.5,0.0,0.0,6.0,0.0,10.75,0.0,1.0,0.0,1.0,2.0,400.0,0.0
74,0.0,44.83,7.0,1.0,1.0,0.0,0.0,1.625,1.0,1.0,0.0,1.0,0.0,160.0,2.0
75,0.0,20.67,5.29,0.0,0.0,8.0,0.0,0.375,0.0,0.0,1.0,1.0,0.0,160.0,0.0
76,0.0,34.08,6.5,0.0,0.0,12.0,0.0,0.125,0.0,1.0,0.0,0.0,0.0,443.0,0.0
77,1.0,19.17,0.585,1.0,1.0,12.0,0.0,0.585,0.0,1.0,0.0,0.0,0.0,160.0,0.0
78,0.0,21.67,1.165,1.0,1.0,5.0,0.0,2.5,0.0,0.0,1.0,1.0,0.0,180.0,20.0
79,0.0,21.5,9.75,0.0,0.0,0.0,0.0,0.25,0.0,1.0,0.0,1.0,0.0,140.0,0.0
80,0.0,49.58,19.0,0.0,0.0,13.0,7.0,0.0,0.0,0.0,1.0,1.0,0.0,94.0,0.0
81,1.0,27.67,1.5,0.0,0.0,6.0,0.0,2.0,0.0,1.0,0.0,1.0,2.0,368.0,0.0
82,0.0,39.83,0.5,0.0,0.0,6.0,0.0,0.25,0.0,1.0,0.0,1.0,2.0,288.0,0.0
83,1.0,,3.5,0.0,0.0,1.0,0.0,3.0,0.0,1.0,0.0,0.0,0.0,300.0,0.0
84,0.0,27.25,0.625,0.0,0.0,12.0,0.0,0.455,0.0,1.0,0.0,0.0,0.0,200.0,0.0
85,0.0,37.17,4.0,0.0,0.0,0.0,2.0,5.0,0.0,1.0,0.0,0.0,2.0,280.0,0.0
86,0.0,,0.375,0.0,0.0,1.0,0.0,0.875,0.0,1.0,0.0,0.0,2.0,928.0,0.0
87,0.0,25.67,2.21,1.0,1.0,12.0,0.0,4.0,0.0,1.0,0.0,1.0,0.0,188.0,0.0
88,0.0,34.0,4.5,0.0,0.0,12.0,0.0,1.0,0.0,1.0,0.0,0.0,0.0,240.0,0.0
89,1.0,49.0,1.5,0.0,0.0,4.0,3.0,0.0,0.0,1.0,0.0,0.0,0.0,100.0,27.0
90,0.0,62.5,12.75,1.0,1.0,0.0,1.0,5.0,0.0,1.0,0.0,1.0,0.0,112.0,0.0
91,0.0,31.42,15.5,0.0,0.0,0.0,0.0,0.5,0.0,1.0,0.0,1.0,0.0,120.0,0.0
92,0.0,,5.0,1.0,1.0,12.0,0.0,8.5,0.0,1.0,0.0,1.0,0.0,0.0,0.0
93,0.0,52.33,1.375,1.0,1.0,0.0,1.0,9.46,0.0,1.0,0.0,0.0,0.0,200.0,100.0
94,0.0,28.75,1.5,1.0,1.0,0.0,0.0,1.5,0.0,1.0,0.0,0.0,0.0,0.0,225.0
95,1.0,28.58,3.54,0.0,0.0,3.0,2.0,0.5,0.0,1.0,0.0,0.0,0.0,171.0,0.0
96,0.0,23.0,0.625,1.0,1.0,12.0,0.0,0.125,0.0,1.0,0.0,1.0,0.0,180.0,1.0
97,0.0,,0.5,0.0,0.0,0.0,2.0,0.835,0.0,1.0,0.0,0.0,2.0,320.0,0.0
98,1.0,22.5,11.0,1.0,1.0,8.0,0.0,3.0,0.0,1.0,0.0,0.0,0.0,268.0,0.0
99,1.0,28.5,1.0,0.0,0.0,8.0,0.0,1.0,0.0,0.0,2.0,0.0,0.0,167.0,500.0
100,0.0,37.5,1.75,1.0,1.0,0.0,2.0,0.25,0.0,1.0,0.0,0.0,0.0,164.0,400.0
101,0.0,35.25,16.5,1.0,1.0,0.0,0.0,4.0,0.0,1.0,0.0,1.0,0.0,80.0,0.0
102,0.0,18.67,5.0,0.0,0.0,8.0,0.0,0.375,0.0,0.0,2.0,1.0,0.0,0.0,38.0
103,0.0,25.0,12.0,0.0,0.0,5.0,0.0,2.25,0.0,0.0,2.0,0.0,0.0,120.0,5.0
104,0.0,27.83,4.0,1.0,1.0,3.0,1.0,5.75,0.0,0.0,2.0,0.0,0.0,75.0,0.0
105,0.0,54.83,15.5,0.0,0.0,11.0,5.0,0.0,0.0,0.0,20.0,1.0,0.0,152.0,130.0
106,0.0,28.75,1.165,0.0,0.0,5.0,0.0,0.5,0.0,1.0,0.0,1.0,2.0,280.0,0.0
107,1.0,25.0,11.0,1.0,1.0,12.0,0.0,4.5,0.0,1.0,0.0,1.0,0.0,120.0,0.0
108,0.0,40.92,2.25,1.0,1.0,10.0,1.0,10.0,0.0,1.0,0.0,0.0,0.0,176.0,0.0
109,1.0,19.75,0.75,0.0,0.0,0.0,0.0,0.795,0.0,0.0,5.0,0.0,0.0,140.0,5.0
110,0.0,29.17,3.5,0.0,0.0,9.0,0.0,3.5,0.0,0.0,3.0,0.0,0.0,329.0,0.0
111,1.0,24.5,1.04,1.0,1.0,13.0,7.0,0.5,0.0,0.0,3.0,1.0,0.0,180.0,147.0
112,0.0,24.58,12.5,0.0,0.0,9.0,0.0,0.875,0.0,1.0,0.0,0.0,0.0,260.0,0.0
113,1.0,33.75,0.75,0.0,0.0,5.0,2.0,1.0,0.0,0.0,3.0,0.0,0.0,212.0,0.0
114,0.0,20.67,1.25,1.0,1.0,0.0,1.0,1.375,0.0,0.0,3.0,0.0,0.0,140.0,210.0
115,1.0,25.42,1.125,0.0,0.0,8.0,0.0,1.29,0.0,0.0,2.0,1.0,0.0,200.0,0.0
116,0.0,37.75,7.0,0.0,0.0,8.0,1.0,11.5,0.0,0.0,7.0,0.0,0.0,300.0,5.0
117,0.0,52.5,6.5,0.0,0.0,5.0,0.0,6.29,0.0,0.0,15.0,1.0,0.0,0.0,11202.0
118,0.0,57.83,7.04,0.0,0.0,6.0,0.0,14.0,0.0,0.0,6.0,0.0,0.0,360.0,1332.0
119,1.0,20.75,10.335,0.0,0.0,2.0,1.0,0.335,0.0,0.0,1.0,0.0,0.0,80.0,50.0
120,0.0,39.92,6.21,0.0,0.0,8.0,0.0,0.04,0.0,0.0,1.0,1.0,0.0,200.0,300.0
121,0.0,25.67,12.5,0.0,0.0,2.0,0.0,1.21,0.0,0.0,67.0,0.0,0.0,140.0,258.0
122,1.0,24.75,12.5,0.0,0.0,12.0,0.0,1.5,0.0,0.0,12.0,0.0,0.0,120.0,567.0
123,1.0,44.17,6.665,0.0,0.0,8.0,0.0,7.375,0.0,0.0,3.0,0.0,0.0,0.0,0.0
124,1.0,23.5,9.0,0.0,0.0,8.0,0.0,8.5,0.0,0.0,5.0,0.0,0.0,120.0,0.0
125,0.0,34.92,5.0,0.0,0.0,10.0,1.0,7.5,0.0,0.0,6.0,0.0,0.0,0.0,1000.0
126,0.0,47.67,2.5,0.0,0.0,6.0,2.0,2.5,0.0,0.0,12.0,0.0,0.0,410.0,2510.0
127,0.0,22.75,11.0,0.0,0.0,8.0,0.0,2.5,0.0,0.0,7.0,0.0,0.0,100.0,809.0
128,0.0,34.42,4.25,0.0,0.0,3.0,2.0,3.25,0.0,0.0,2.0,1.0,0.0,274.0,610.0
129,1.0,28.42,3.5,0.0,0.0,9.0,0.0,0.835,0.0,1.0,0.0,1.0,2.0,280.0,0.0
130,0.0,67.75,5.5,0.0,0.0,11.0,5.0,13.0,0.0,0.0,1.0,0.0,0.0,0.0,0.0
131,0.0,20.42,1.835,0.0,0.0,0.0,0.0,2.25,0.0,0.0,1.0,1.0,0.0,100.0,150.0
132,1.0,47.42,8.0,0.0,0.0,11.0,2.0,6.5,0.0,0.0,6.0,1.0,0.0,375.0,51100.0
133,0.0,36.25,5.0,0.0,0.0,0.0,2.0,2.5,0.0,0.0,6.0,1.0,0.0,0.0,367.0
134,0.0,32.67,5.5,0.0,0.0,8.0,1.0,5.5,0.0,0.0,12.0,0.0,0.0,408.0,1000.0
135,0.0,48.58,6.5,0.0,0.0,8.0,1.0,6.0,0.0,1.0,0.0,0.0,0.0,350.0,0.0
136,0.0,39.92,0.54,1.0,1.0,12.0,0.0,0.5,0.0,0.0,3.0,1.0,0.0,200.0,1000.0
137,0.0,33.58,2.75,0.0,0.0,6.0,0.0,4.25,0.0,0.0,6.0,1.0,0.0,204.0,0.0
138,1.0,18.83,9.5,0.0,0.0,9.0,0.0,1.625,0.0,0.0,6.0,0.0,0.0,40.0,600.0
139,1.0,26.92,13.5,0.0,0.0,8.0,1.0,5.0,0.0,0.0,2.0,1.0,0.0,0.0,5000.0
140,1.0,31.25,3.75,0.0,0.0,2.0,1.0,0.625,0.0,0.0,9.0,0.0,0.0,181.0,0.0
141,1.0,56.5,16.0,0.0,0.0,4.0,7.0,0.0,0.0,0.0,15.0,1.0,0.0,0.0,247.0
142,0.0,43.0,0.29,1.0,1.0,2.0,1.0,1.75,0.0,0.0,8.0,1.0,0.0,100.0,375.0
143,0.0,22.33,11.0,0.0,0.0,9.0,0.0,2.0,0.0,0.0,1.0,1.0,0.0,80.0,278.0
144,0.0,27.25,1.665,0.0,0.0,2.0,1.0,5.085,0.0,0.0,9.0,1.0,0.0,399.0,827.0
145,0.0,32.83,2.5,0.0,0.0,2.0,1.0,2.75,0.0,0.0,6.0,1.0,0.0,160.0,2072.0
146,0.0,23.25,1.5,0.0,0.0,8.0,0.0,2.375,0.0,0.0,3.0,0.0,0.0,0.0,582.0
147,1.0,40.33,7.54,1.0,1.0,8.0,1.0,8.0,0.0,0.0,14.0,1.0,0.0,0.0,2300.0
148,1.0,30.5,6.5,0.0,0.0,0.0,2.0,4.0,0.0,0.0,7.0,0.0,0.0,0.0,3065.0
149,1.0,52.83,15.0,0.0,0.0,0.0,0.0,5.5,0.0,0.0,14.0,1.0,0.0,0.0,2200.0
150,1.0,46.67,0.46,0.0,0.0,2.0,1.0,0.415,0.0,0.0,11.0,0.0,0.0,440.0,6.0
151,1.0,58.33,10.0,0.0,0.0,8.0,0.0,4.0,0.0,0.0,14.0,1.0,0.0,0.0,1602.0
152,0.0,37.33,6.5,0.0,0.0,6.0,1.0,4.25,0.0,0.0,12.0,0.0,0.0,93.0,0.0
153,0.0,23.08,2.5,0.0,0.0,0.0,0.0,1.085,0.0,0.0,11.0,0.0,0.0,60.0,2184.0
154,0.0,32.75,1.5,0.0,0.0,2.0,1.0,5.5,0.0,0.0,3.0,0.0,0.0,0.0,0.0
155,1.0,21.67,11.5,1.0,1.0,4.0,3.0,0.0,0.0,0.0,11.0,0.0,0.0,0.0,0.0
156,1.0,28.5,3.04,1.0,1.0,10.0,1.0,2.54,0.0,0.0,1.0,1.0,0.0,70.0,0.0
157,1.0,68.67,15.0,0.0,0.0,11.0,5.0,0.0,0.0,0.0,14.0,1.0,0.0,0.0,3376.0
158,0.0,28.0,2.0,0.0,0.0,5.0,1.0,4.165,0.0,0.0,2.0,0.0,0.0,181.0,0.0
159,0.0,34.08,0.08,1.0,1.0,6.0,2.0,0.04,0.0,0.0,1.0,0.0,0.0,280.0,2000.0
160,0.0,27.67,2.0,0.0,0.0,10.0,1.0,1.0,0.0,0.0,4.0,1.0,0.0,140.0,7544.0
161,0.0,44.0,2.0,0.0,0.0,6.0,0.0,1.75,0.0,0.0,2.0,0.0,0.0,0.0,15.0
162,0.0,25.08,1.71,0.0,0.0,10.0,0.0,1.665,0.0,0.0,1.0,0.0,0.0,395.0,20.0
163,0.0,32.0,1.75,1.0,1.0,11.0,1.0,0.04,0.0,1.0,0.0,0.0,0.0,393.0,0.0
164,1.0,60.58,16.5,0.0,0.0,8.0,0.0,11.0,0.0,1.0,0.0,0.0,0.0,21.0,10561.0
165,1.0,40.83,10.0,0.0,0.0,8.0,1.0,1.75,0.0,1.0,0.0,1.0,0.0,29.0,837.0
166,0.0,19.33,9.5,0.0,0.0,8.0,0.0,1.0,0.0,1.0,0.0,0.0,0.0,60.0,400.0
167,1.0,32.33,0.54,0.0,0.0,2.0,0.0,0.04,0.0,1.0,0.0,1.0,0.0,440.0,11177.0
168,0.0,36.67,3.25,0.0,0.0,8.0,1.0,9.0,0.0,1.0,0.0,0.0,0.0,102.0,639.0
169,0.0,37.5,1.125,1.0,1.0,1.0,0.0,1.5,1.0,1.0,0.0,0.0,0.0,431.0,0.0
170,1.0,25.08,2.54,1.0,1.0,12.0,0.0,0.25,0.0,1.0,0.0,0.0,0.0,370.0,0.0
171,0.0,41.33,0.0,0.0,0.0,0.0,2.0,15.0,0.0,1.0,0.0,1.0,0.0,0.0,0.0
172,0.0,56.0,12.5,0.0,0.0,5.0,1.0,8.0,0.0,1.0,0.0,0.0,0.0,24.0,2028.0
173,1.0,49.83,13.585,0.0,0.0,5.0,1.0,8.5,0.0,1.0,0.0,0.0,0.0,0.0,0.0
174,0.0,22.67,10.5,0.0,0.0,8.0,1.0,1.335,0.0,1.0,0.0,1.0,0.0,100.0,0.0
175,0.0,27.0,1.5,1.0,1.0,9.0,0.0,0.375,0.0,1.0,0.0,0.0,0.0,260.0,1065.0
176,0.0,25.0,12.5,0.0,0.0,12.0,0.0,3.0,0.0,1.0,0.0,0.0,2.0,20.0,0.0
177,1.0,26.08,8.665,0.0,0.0,12.0,0.0,1.415,0.0,1.0,0.0,1.0,0.0,160.0,150.0
178,1.0,18.42,9.25,0.0,0.0,8.0,0.0,1.21,0.0,0.0,4.0,1.0,0.0,60.0,540.0
179,0.0,20.17,8.17,0.0,0.0,12.0,0.0,1.96,0.0,0.0,14.0,1.0,0.0,60.0,158.0
180,0.0,47.67,0.29,0.0,0.0,0.0,2.0,15.0,0.0,0.0,20.0,1.0,0.0,0.0,15000.0
181,1.0,21.25,2.335,0.0,0.0,3.0,2.0,0.5,0.0,0.0,4.0,1.0,2.0,80.0,0.0
182,1.0,20.67,3.0,0.0,0.0,8.0,0.0,0.165,0.0,0.0,3.0,1.0,0.0,100.0,6.0
183,1.0,57.08,19.5,0.0,0.0,0.0,0.0,5.5,0.0,0.0,7.0,1.0,0.0,0.0,3000.0
184,1.0,22.42,5.665,0.0,0.0,8.0,0.0,2.585,0.0,0.0,7.0,1.0,0.0,129.0,3257.0
185,0.0,48.75,8.5,0.0,0.0,0.0,1.0,12.5,0.0,0.0,9.0,1.0,0.0,181.0,1655.0
186,0.0,40.0,6.5,0.0,0.0,12.0,2.0,3.5,0.0,0.0,1.0,1.0,0.0,0.0,500.0
187,0.0,40.58,5.0,0.0,0.0,0.0,0.0,5.0,0.0,0.0,7.0,1.0,0.0,0.0,3065.0
188,1.0,28.67,1.04,0.0,0.0,0.0,0.0,2.5,0.0,0.0,5.0,0.0,0.0,300.0,1430.0
189,1.0,33.08,4.625,0.0,0.0,8.0,1.0,1.625,0.0,0.0,2.0,1.0,0.0,0.0,0.0
190,0.0,21.33,10.5,0.0,0.0,0.0,0.0,3.0,0.0,1.0,0.0,0.0,0.0,0.0,0.0
191,0.0,42.0,0.205,0.0,0.0,3.0,1.0,5.125,0.0,1.0,0.0,1.0,0.0,400.0,0.0
192,0.0,41.75,0.96,0.0,0.0,10.0,0.0,2.5,0.0,1.0,0.0,1.0,0.0,510.0,600.0
193,0.0,22.67,1.585,1.0,1.0,9.0,0.0,3.085,0.0,0.0,6.0,1.0,0.0,80.0,0.0
194,0.0,34.5,4.04,1.0,1.0,3.0,2.0,8.5,0.0,0.0,7.0,0.0,0.0,195.0,0.0
195,0.0,28.25,5.04,1.0,1.0,0.0,2.0,1.5,0.0,0.0,8.0,0.0,0.0,144.0,7.0
196,0.0,33.17,3.165,1.0,1.0,10.0,0.0,3.165,0.0,0.0,3.0,0.0,0.0,380.0,0.0
197,0.0,48.17,7.625,0.0,0.0,9.0,1.0,15.5,0.0,0.0,12.0,1.0,0.0,0.0,790.0
198,0.0,27.58,2.04,1.0,1.0,12.0,0.0,2.0,0.0,0.0,3.0,0.0,0.0,370.0,560.0
199,0.0,22.58,10.04,0.0,0.0,10.0,0.0,0.04,0.0,0.0,9.0,1.0,0.0,60.0,396.0
200,1.0,24.08,0.5,0.0,0.0,8.0,1.0,1.25,0.0,0.0,1.0,1.0,0.0,0.0,678.0
201,1.0,41.33,1.0,0.0,0.0,3.0,2.0,2.25,0.0,1.0,0.0,0.0,0.0,0.0,300.0
202,0.0,24.83,2.75,0.0,0.0,0.0,0.0,2.25,0.0,0.0,6.0,1.0,0.0,,600.0
203,1.0,20.75,10.25,0.0,0.0,8.0,0.0,0.71,0.0,0.0,2.0,0.0,0.0,49.0,0.0
204,0.0,36.33,2.125,1.0,1.0,9.0,0.0,0.085,0.0,0.0,1.0,1.0,0.0,50.0,1187.0
205,1.0,35.42,12.0,0.0,0.0,8.0,1.0,14.0,0.0,0.0,8.0,1.0,0.0,0.0,6590.0
206,1.0,71.58,0.0,,,,,0.0,1.0,1.0,0.0,1.0,1.0,,0.0
207,0.0,28.67,9.335,0.0,0.0,8.0,1.0,5.665,0.0,0.0,6.0,1.0,0.0,381.0,168.0
208,0.0,35.17,2.5,0.0,0.0,5.0,0.0,4.5,0.0,0.0,7.0,1.0,0.0,150.0,1270.0
209,0.0,39.5,4.25,0.0,0.0,0.0,2.0,6.5,0.0,0.0,16.0,1.0,0.0,117.0,1210.0
210,0.0,39.33,5.875,0.0,0.0,2.0,1.0,10.0,0.0,0.0,14.0,0.0,0.0,399.0,0.0
211,0.0,24.33,6.625,1.0,1.0,1.0,0.0,5.5,0.0,1.0,0.0,0.0,2.0,100.0,0.0
212,0.0,60.08,14.5,0.0,0.0,13.0,7.0,18.0,0.0,0.0,15.0,0.0,0.0,0.0,1000.0
213,0.0,23.08,11.5,0.0,0.0,3.0,0.0,3.5,0.0,0.0,9.0,1.0,0.0,56.0,742.0
214,0.0,26.67,2.71,1.0,1.0,2.0,0.0,5.25,0.0,0.0,1.0,1.0,0.0,211.0,0.0
215,0.0,48.17,3.5,0.0,0.0,12.0,0.0,3.5,0.0,1.0,0.0,1.0,2.0,230.0,0.0
216,0.0,41.17,4.04,0.0,0.0,2.0,1.0,7.0,0.0,0.0,8.0,1.0,0.0,320.0,0.0
217,0.0,55.92,11.5,0.0,0.0,13.0,7.0,5.0,0.0,0.0,5.0,1.0,0.0,0.0,8851.0
218,0.0,53.92,9.625,0.0,0.0,11.0,0.0,8.665,0.0,0.0,5.0,1.0,0.0,0.0,0.0
219,1.0,18.92,9.25,1.0,1.0,0.0,0.0,1.0,0.0,0.0,4.0,0.0,0.0,80.0,500.0
220,1.0,50.08,12.54,0.0,0.0,12.0,0.0,2.29,0.0,0.0,3.0,0.0,0.0,156.0,0.0
221,0.0,65.42,11.0,0.0,0.0,11.0,5.0,20.0,0.0,0.0,7.0,0.0,0.0,22.0,0.0
222,1.0,17.58,9.0,0.0,0.0,12.0,0.0,1.375,0.0,1.0,0.0,0.0,0.0,0.0,0.0
223,1.0,18.83,9.54,0.0,0.0,12.0,0.0,0.085,0.0,1.0,0.0,1.0,0.0,100.0,0.0
224,1.0,37.75,5.5,0.0,0.0,8.0,0.0,0.125,0.0,1.0,0.0,0.0,0.0,228.0,0.0
225,0.0,23.25,4.0,0.0,0.0,0.0,2.0,0.25,0.0,1.0,0.0,0.0,0.0,160.0,0.0
226,0.0,18.08,5.5,0.0,0.0,5.0,0.0,0.5,0.0,1.0,0.0,1.0,0.0,80.0,0.0
227,1.0,22.5,8.46,1.0,1.0,10.0,0.0,2.46,1.0,1.0,0.0,1.0,0.0,164.0,0.0
228,0.0,19.67,0.375,0.0,0.0,8.0,0.0,2.0,0.0,0.0,2.0,0.0,0.0,80.0,0.0
229,0.0,22.08,11.0,0.0,0.0,2.0,0.0,0.665,0.0,1.0,0.0,1.0,0.0,100.0,0.0
230,0.0,25.17,3.5,0.0,0.0,2.0,0.0,0.625,0.0,0.0,7.0,1.0,0.0,0.0,7059.0
231,1.0,47.42,3.0,0.0,0.0,10.0,0.0,13.875,0.0,0.0,2.0,0.0,0.0,519.0,1704.0
232,0.0,33.5,1.75,0.0,0.0,10.0,1.0,4.5,0.0,0.0,4.0,0.0,0.0,253.0,857.0
233,0.0,27.67,13.75,0.0,0.0,9.0,0.0,5.75,0.0,1.0,0.0,0.0,0.0,487.0,500.0
234,1.0,58.42,21.0,0.0,0.0,3.0,2.0,10.0,0.0,0.0,13.0,1.0,0.0,0.0,6700.0
235,1.0,20.67,1.835,0.0,0.0,8.0,0.0,2.085,0.0,0.0,5.0,1.0,0.0,220.0,2503.0
236,0.0,26.17,0.25,0.0,0.0,3.0,2.0,0.0,0.0,1.0,0.0,0.0,0.0,0.0,0.0
237,0.0,21.33,7.5,0.0,0.0,12.0,0.0,1.415,0.0,0.0,1.0,1.0,0.0,80.0,9800.0
238,0.0,42.83,4.625,0.0,0.0,8.0,0.0,4.58,0.0,1.0,0.0,1.0,2.0,0.0,0.0
239,0.0,38.17,10.125,0.0,0.0,10.0,0.0,2.5,0.0,0.0,6.0,1.0,0.0,520.0,196.0
240,0.0,20.5,10.0,1.0,1.0,0.0,0.0,2.5,0.0,1.0,0.0,1.0,2.0,40.0,0.0
241,0.0,48.25,25.085,0.0,0.0,9.0,0.0,1.75,0.0,0.0,3.0,1.0,0.0,120.0,14.0
242,0.0,28.33,5.0,0.0,0.0,9.0,0.0,11.0,0.0,1.0,0.0,0.0,0.0,70.0,0.0
243,1.0,18.75,7.5,0.0,0.0,8.0,0.0,2.71,0.0,0.0,5.0,1.0,0.0,,26726.0
244,0.0,18.5,2.0,0.0,0.0,3.0,0.0,1.5,0.0,0.0,2.0,1.0,0.0,120.0,300.0
245,0.0,33.17,3.04,1.0,1.0,0.0,1.0,2.04,0.0,0.0,1.0,0.0,0.0,180.0,18027.0
246,0.0,45.0,8.5,0.0,0.0,2.0,1.0,14.0,0.0,0.0,1.0,0.0,0.0,88.0,2000.0
247,1.0,19.67,0.21,0.0,0.0,8.0,1.0,0.29,0.0,0.0,11.0,1.0,0.0,80.0,99.0
248,,24.5,12.75,0.0,0.0,0.0,2.0,4.75,0.0,0.0,2.0,1.0,0.0,73.0,444.0
249,0.0,21.83,11.0,0.0,0.0,10.0,0.0,0.29,0.0,0.0,6.0,1.0,0.0,121.0,0.0
250,0.0,40.25,21.5,0.0,0.0,11.0,5.0,20.0,0.0,0.0,11.0,1.0,0.0,0.0,1200.0
251,0.0,41.42,5.0,0.0,0.0,8.0,1.0,5.0,0.0,0.0,6.0,0.0,0.0,470.0,0.0
252,1.0,17.83,11.0,0.0,0.0,10.0,1.0,1.0,0.0,0.0,11.0,1.0,0.0,0.0,3000.0
253,0.0,23.17,11.125,0.0,0.0,10.0,1.0,0.46,0.0,0.0,1.0,1.0,0.0,100.0,0.0
254,0.0,,0.625,0.0,0.0,5.0,0.0,0.25,1.0,1.0,0.0,1.0,0.0,380.0,2010.0
255,0.0,18.17,10.25,0.0,0.0,0.0,1.0,1.085,1.0,1.0,0.0,1.0,0.0,320.0,13.0
256,0.0,20.0,11.045,0.0,0.0,0.0,0.0,2.0,1.0,1.0,0.0,0.0,0.0,136.0,0.0
257,0.0,20.0,0.0,0.0,0.0,1.0,0.0,0.5,1.0,1.0,0.0,1.0,0.0,144.0,0.0
258,1.0,20.75,9.54,0.0,0.0,3.0,0.0,0.04,1.0,1.0,0.0,1.0,0.0,200.0,1000.0
259,1.0,24.5,1.75,1.0,1.0,0.0,0.0,0.165,1.0,1.0,0.0,1.0,0.0,132.0,0.0
260,0.0,32.75,2.335,0.0,0.0,1.0,1.0,5.75,1.0,1.0,0.0,0.0,0.0,292.0,0.0
261,1.0,52.17,0.0,1.0,1.0,13.0,7.0,0.0,1.0,1.0,0.0,1.0,0.0,0.0,0.0
262,1.0,48.17,1.335,0.0,0.0,3.0,8.0,0.335,1.0,1.0,0.0,1.0,0.0,0.0,120.0
263,1.0,20.42,10.5,1.0,1.0,10.0,1.0,0.0,1.0,1.0,0.0,0.0,0.0,154.0,32.0
264,0.0,50.75,0.585,0.0,0.0,13.0,7.0,0.0,1.0,1.0,0.0,1.0,0.0,145.0,0.0
265,0.0,17.08,0.085,1.0,1.0,0.0,0.0,0.04,1.0,1.0,0.0,1.0,0.0,140.0,722.0
266,0.0,18.33,1.21,1.0,1.0,11.0,6.0,0.0,1.0,1.0,0.0,1.0,0.0,100.0,0.0
267,1.0,32.0,6.0,0.0,0.0,1.0,0.0,1.25,1.0,1.0,0.0,1.0,0.0,272.0,0.0
268,0.0,59.67,1.54,0.0,0.0,8.0,0.0,0.125,0.0,1.0,0.0,0.0,0.0,260.0,0.0
269,0.0,18.0,0.165,0.0,0.0,8.0,4.0,0.21,1.0,1.0,0.0,1.0,0.0,200.0,40.0
270,0.0,37.58,0.0,,,,,0.0,1.0,1.0,0.0,1.0,1.0,,0.0
271,0.0,32.33,2.5,0.0,0.0,0.0,0.0,1.25,1.0,1.0,0.0,0.0,0.0,280.0,0.0
272,0.0,18.08,6.75,1.0,1.0,6.0,0.0,0.04,1.0,1.0,0.0,1.0,0.0,140.0,0.0
273,0.0,38.25,10.125,1.0,1.0,5.0,0.0,0.125,1.0,1.0,0.0,1.0,0.0,160.0,0.0
274,0.0,30.67,2.5,0.0,0.0,2.0,1.0,2.25,1.0,1.0,0.0,0.0,2.0,340.0,0.0
275,0.0,18.58,5.71,0.0,0.0,1.0,0.0,0.54,1.0,1.0,0.0,1.0,0.0,120.0,0.0
276,1.0,19.17,5.415,0.0,0.0,3.0,1.0,0.29,1.0,1.0,0.0,1.0,0.0,80.0,484.0
277,1.0,18.17,10.0,1.0,1.0,8.0,1.0,0.165,1.0,1.0,0.0,1.0,0.0,340.0,0.0
278,0.0,24.58,13.5,1.0,1.0,13.0,7.0,0.0,1.0,1.0,0.0,1.0,0.0,,0.0
279,0.0,16.25,0.835,0.0,0.0,6.0,0.0,0.085,0.0,1.0,0.0,1.0,2.0,200.0,0.0
280,0.0,21.17,0.875,1.0,1.0,0.0,1.0,0.25,1.0,1.0,0.0,1.0,0.0,280.0,204.0
281,0.0,23.92,0.585,1.0,1.0,2.0,1.0,0.125,1.0,1.0,0.0,1.0,0.0,240.0,1.0
282,0.0,17.67,4.46,0.0,0.0,0.0,0.0,0.25,1.0,1.0,0.0,1.0,2.0,80.0,0.0
283,1.0,16.5,1.25,0.0,0.0,8.0,0.0,0.25,1.0,0.0,1.0,1.0,0.0,108.0,98.0
284,0.0,23.25,12.625,0.0,0.0,0.0,0.0,0.125,1.0,0.0,2.0,1.0,0.0,0.0,5552.0
285,0.0,17.58,10.0,0.0,0.0,9.0,1.0,0.165,1.0,0.0,1.0,1.0,0.0,120.0,1.0
286,1.0,,1.5,0.0,0.0,13.0,7.0,0.0,1.0,0.0,2.0,0.0,0.0,200.0,105.0
287,0.0,29.5,0.58,0.0,0.0,9.0,0.0,0.29,1.0,0.0,1.0,1.0,0.0,340.0,2803.0
288,0.0,18.83,0.415,1.0,1.0,0.0,0.0,0.165,1.0,0.0,1.0,1.0,0.0,200.0,1.0
289,1.0,21.75,1.75,1.0,1.0,4.0,3.0,0.0,1.0,1.0,0.0,1.0,0.0,160.0,0.0
290,0.0,23.0,0.75,0.0,0.0,6.0,0.0,0.5,1.0,1.0,0.0,0.0,2.0,320.0,0.0
291,1.0,18.25,10.0,0.0,0.0,9.0,0.0,1.0,1.0,0.0,1.0,1.0,0.0,120.0,1.0
292,0.0,25.42,0.54,0.0,0.0,9.0,0.0,0.165,1.0,0.0,1.0,1.0,0.0,272.0,444.0
293,0.0,35.75,2.415,0.0,0.0,9.0,0.0,0.125,1.0,0.0,2.0,1.0,0.0,220.0,1.0
294,1.0,16.08,0.335,0.0,0.0,13.0,7.0,0.0,1.0,0.0,1.0,1.0,0.0,160.0,126.0
295,1.0,31.92,3.125,0.0,0.0,13.0,7.0,3.04,1.0,0.0,2.0,0.0,0.0,200.0,4.0
296,0.0,69.17,9.0,0.0,0.0,13.0,7.0,4.0,1.0,0.0,1.0,1.0,0.0,70.0,6.0
297,0.0,32.92,2.5,0.0,0.0,12.0,0.0,1.75,1.0,0.0,2.0,0.0,0.0,720.0,0.0
298,0.0,16.33,2.75,0.0,0.0,12.0,0.0,0.665,1.0,0.0,1.0,1.0,0.0,80.0,21.0
299,0.0,22.17,12.125,0.0,0.0,0.0,0.0,3.335,1.0,0.0,2.0,0.0,0.0,180.0,173.0
300,1.0,57.58,2.0,0.0,0.0,13.0,7.0,6.5,1.0,0.0,1.0,1.0,0.0,0.0,10.0
301,0.0,18.25,0.165,0.0,0.0,1.0,0.0,0.25,1.0,1.0,0.0,0.0,2.0,280.0,0.0
302,0.0,23.42,1.0,0.0,0.0,0.0,0.0,0.5,1.0,1.0,0.0,0.0,2.0,280.0,0.0
303,1.0,15.92,2.875,0.0,0.0,8.0,0.0,0.085,1.0,1.0,0.0,1.0,0.0,120.0,0.0
304,1.0,24.75,13.665,0.0,0.0,8.0,1.0,1.5,1.0,1.0,0.0,1.0,0.0,280.0,1.0
305,0.0,48.75,26.335,1.0,1.0,13.0,7.0,0.0,0.0,1.0,0.0,0.0,0.0,0.0,0.0
306,0.0,23.5,2.75,0.0,0.0,13.0,7.0,4.5,1.0,1.0,0.0,1.0,0.0,160.0,25.0
307,0.0,18.58,10.29,0.0,0.0,13.0,7.0,0.415,1.0,1.0,0.0,1.0,0.0,80.0,0.0
308,0.0,27.75,1.29,0.0,0.0,5.0,1.0,0.25,1.0,1.0,0.0,0.0,2.0,140.0,0.0
309,1.0,31.75,3.0,1.0,1.0,4.0,3.0,0.0,1.0,1.0,0.0,1.0,0.0,160.0,20.0
310,1.0,24.83,4.5,0.0,0.0,9.0,0.0,1.0,1.0,1.0,0.0,0.0,0.0,360.0,6.0
311,0.0,19.0,1.75,1.0,1.0,0.0,0.0,2.335,1.0,1.0,0.0,0.0,0.0,112.0,6.0
312,1.0,16.33,0.21,0.0,0.0,12.0,0.0,0.125,1.0,1.0,0.0,1.0,0.0,200.0,1.0
313,1.0,18.58,10.0,0.0,0.0,1.0,0.0,0.415,1.0,1.0,0.0,1.0,0.0,80.0,42.0
314,0.0,16.25,0.0,1.0,1.0,12.0,0.0,0.25,1.0,1.0,0.0,1.0,0.0,60.0,0.0
315,0.0,23.0,0.75,0.0,0.0,6.0,0.0,0.5,0.0,1.0,0.0,0.0,2.0,320.0,0.0
316,0.0,21.17,0.25,1.0,1.0,0.0,1.0,0.25,1.0,1.0,0.0,1.0,0.0,280.0,204.0
317,0.0,17.5,22.0,2.0,2.0,13.0,8.0,0.0,1.0,1.0,0.0,0.0,1.0,450.0,100000.0
318,0.0,19.17,0.0,1.0,1.0,6.0,2.0,0.0,1.0,1.0,0.0,0.0,2.0,500.0,1.0
319,0.0,36.75,0.125,1.0,1.0,0.0,0.0,1.5,1.0,1.0,0.0,0.0,0.0,232.0,113.0
320,0.0,21.25,1.5,0.0,0.0,9.0,0.0,1.5,1.0,1.0,0.0,1.0,0.0,150.0,8.0
321,1.0,18.08,0.375,2.0,2.0,2.0,7.0,10.0,1.0,1.0,0.0,0.0,2.0,300.0,0.0
322,1.0,33.67,0.375,0.0,0.0,2.0,0.0,0.375,1.0,1.0,0.0,1.0,0.0,300.0,44.0
323,0.0,48.58,0.205,1.0,1.0,5.0,0.0,0.25,0.0,0.0,11.0,1.0,0.0,380.0,2732.0
324,0.0,33.67,1.25,0.0,0.0,9.0,0.0,1.165,1.0,1.0,0.0,1.0,0.0,120.0,0.0
325,1.0,29.5,1.085,1.0,1.0,10.0,0.0,1.0,1.0,1.0,0.0,1.0,0.0,280.0,13.0
326,0.0,30.17,1.085,1.0,1.0,0.0,0.0,0.04,1.0,1.0,0.0,1.0,0.0,170.0,179.0
327,,40.83,3.5,0.0,0.0,3.0,2.0,0.5,1.0,1.0,0.0,1.0,2.0,1160.0,0.0
328,0.0,34.83,2.5,1.0,1.0,9.0,0.0,3.0,1.0,1.0,0.0,1.0,2.0,200.0,0.0
329,0.0,,4.0,1.0,1.0,3.0,0.0,0.085,1.0,1.0,0.0,0.0,0.0,411.0,0.0
330,0.0,20.42,0.0,,,,,0.0,1.0,1.0,0.0,1.0,1.0,,0.0
331,1.0,33.25,2.5,1.0,1.0,0.0,0.0,2.5,1.0,1.0,0.0,0.0,0.0,0.0,2.0
332,0.0,34.08,2.5,0.0,0.0,0.0,0.0,1.0,1.0,1.0,0.0,1.0,0.0,460.0,16.0
333,1.0,25.25,12.5,0.0,0.0,1.0,0.0,1.0,1.0,1.0,0.0,0.0,0.0,180.0,1062.0
334,0.0,34.75,2.5,0.0,0.0,2.0,2.0,0.5,1.0,1.0,0.0,1.0,0.0,348.0,0.0
335,0.0,27.67,0.75,0.0,0.0,8.0,1.0,0.165,1.0,1.0,0.0,0.0,0.0,220.0,251.0
336,0.0,47.33,6.5,0.0,0.0,0.0,0.0,1.0,1.0,1.0,0.0,0.0,0.0,0.0,228.0
337,1.0,34.83,1.25,1.0,1.0,3.0,1.0,0.5,1.0,1.0,0.0,0.0,0.0,160.0,0.0
338,1.0,33.25,3.0,1.0,1.0,12.0,0.0,2.0,1.0,1.0,0.0,1.0,0.0,180.0,0.0
339,0.0,28.0,3.0,0.0,0.0,9.0,0.0,0.75,1.0,1.0,0.0,0.0,0.0,300.0,67.0
340,1.0,39.08,4.0,0.0,0.0,0.0,0.0,3.0,1.0,1.0,0.0,1.0,0.0,480.0,0.0
341,0.0,42.75,4.085,0.0,0.0,12.0,0.0,0.04,1.0,1.0,0.0,1.0,0.0,108.0,100.0
342,0.0,26.92,2.25,0.0,0.0,3.0,2.0,0.5,1.0,1.0,0.0,0.0,0.0,640.0,4000.0
343,0.0,33.75,2.75,0.0,0.0,3.0,2.0,0.0,1.0,1.0,0.0,1.0,0.0,180.0,0.0
344,0.0,38.92,1.75,0.0,0.0,5.0,0.0,0.5,1.0,1.0,0.0,0.0,0.0,300.0,2.0
345,0.0,62.75,7.0,0.0,0.0,11.0,5.0,0.0,1.0,1.0,0.0,1.0,0.0,0.0,12.0
346,,32.25,1.5,0.0,0.0,0.0,0.0,0.25,1.0,1.0,0.0,0.0,0.0,372.0,122.0
347,0.0,26.75,4.5,1.0,1.0,0.0,2.0,2.5,1.0,1.0,0.0,1.0,0.0,200.0,1210.0
348,0.0,63.33,0.54,0.0,0.0,0.0,0.0,0.585,0.0,0.0,3.0,0.0,0.0,180.0,0.0
349,0.0,27.83,1.5,0.0,0.0,9.0,0.0,2.25,1.0,0.0,1.0,0.0,0.0,100.0,3.0
350,1.0,26.17,2.0,0.0,0.0,4.0,3.0,0.0,1.0,1.0,0.0,0.0,0.0,276.0,1.0
351,0.0,22.17,0.585,1.0,1.0,13.0,7.0,0.0,1.0,1.0,0.0,1.0,0.0,100.0,0.0
352,0.0,22.5,11.5,1.0,1.0,6.0,0.0,1.5,1.0,1.0,0.0,0.0,0.0,0.0,4000.0
353,0.0,30.75,1.585,0.0,0.0,1.0,0.0,0.585,1.0,1.0,0.0,0.0,2.0,0.0,0.0
354,0.0,36.67,2.0,0.0,0.0,3.0,0.0,0.25,1.0,1.0,0.0,0.0,0.0,221.0,0.0
355,1.0,16.0,0.165,0.0,0.0,12.0,0.0,1.0,1.0,0.0,2.0,0.0,0.0,320.0,1.0
356,0.0,41.17,1.335,0.0,0.0,1.0,0.0,0.165,1.0,1.0,0.0,1.0,0.0,168.0,0.0
357,1.0,19.5,0.165,0.0,0.0,8.0,0.0,0.04,1.0,1.0,0.0,0.0,0.0,380.0,0.0
358,0.0,32.42,3.0,0.0,0.0,1.0,0.0,0.165,1.0,1.0,0.0,0.0,0.0,120.0,0.0
359,1.0,36.75,4.71,0.0,0.0,13.0,7.0,0.0,1.0,1.0,0.0,1.0,0.0,160.0,0.0
360,1.0,30.25,5.5,0.0,0.0,5.0,0.0,5.5,1.0,1.0,0.0,0.0,2.0,100.0,0.0
361,0.0,23.08,2.5,0.0,0.0,13.0,7.0,0.085,1.0,1.0,0.0,0.0,0.0,100.0,4208.0
362,0.0,26.83,0.54,0.0,0.0,5.0,7.0,0.0,1.0,1.0,0.0,1.0,0.0,100.0,0.0
363,0.0,16.92,0.335,1.0,1.0,5.0,0.0,0.29,1.0,1.0,0.0,1.0,2.0,200.0,0.0
364,0.0,24.42,2.0,0.0,0.0,11.0,6.0,0.165,1.0,0.0,2.0,1.0,0.0,320.0,1300.0
365,0.0,42.83,1.25,0.0,0.0,6.0,0.0,13.875,1.0,0.0,1.0,0.0,0.0,352.0,112.0
366,1.0,22.75,6.165,0.0,0.0,12.0,0.0,0.165,1.0,1.0,0.0,1.0,0.0,220.0,1000.0
367,0.0,39.42,1.71,1.0,1.0,6.0,0.0,0.165,1.0,1.0,0.0,1.0,2.0,400.0,0.0
368,1.0,23.58,11.5,1.0,1.0,5.0,1.0,3.0,1.0,1.0,0.0,0.0,0.0,20.0,16.0
369,0.0,21.42,0.75,1.0,1.0,7.0,4.0,0.75,1.0,1.0,0.0,0.0,0.0,132.0,2.0
370,0.0,33.0,2.5,1.0,1.0,9.0,0.0,7.0,1.0,1.0,0.0,0.0,0.0,280.0,0.0
371,0.0,26.33,13.0,0.0,0.0,11.0,6.0,0.0,1.0,1.0,0.0,0.0,0.0,140.0,1110.0
372,1.0,45.0,4.585,0.0,0.0,5.0,1.0,1.0,1.0,1.0,0.0,0.0,2.0,240.0,0.0
373,0.0,26.25,1.54,0.0,0.0,9.0,0.0,0.125,1.0,1.0,0.0,1.0,0.0,100.0,0.0
374,,28.17,0.585,0.0,0.0,12.0,0.0,0.04,1.0,1.0,0.0,1.0,0.0,260.0,1004.0
375,1.0,20.83,0.5,1.0,1.0,11.0,6.0,1.0,1.0,1.0,0.0,1.0,0.0,260.0,0.0
376,0.0,28.67,14.5,0.0,0.0,1.0,0.0,0.125,1.0,1.0,0.0,1.0,0.0,0.0,286.0
377,0.0,20.67,0.835,1.0,1.0,0.0,0.0,2.0,1.0,1.0,0.0,0.0,2.0,240.0,0.0
378,0.0,34.42,1.335,0.0,0.0,3.0,2.0,0.125,1.0,1.0,0.0,0.0,0.0,440.0,4500.0
379,0.0,33.58,0.25,0.0,0.0,3.0,2.0,4.0,1.0,1.0,0.0,0.0,2.0,420.0,0.0
380,0.0,43.17,5.0,0.0,0.0,3.0,2.0,2.25,1.0,1.0,0.0,0.0,0.0,141.0,0.0
381,1.0,22.67,7.0,0.0,0.0,0.0,0.0,0.165,1.0,1.0,0.0,1.0,0.0,160.0,0.0
382,1.0,24.33,2.5,1.0,1.0,3.0,2.0,4.5,1.0,1.0,0.0,1.0,0.0,200.0,456.0
383,1.0,56.83,4.25,1.0,1.0,13.0,7.0,5.0,1.0,1.0,0.0,0.0,0.0,0.0,4.0
384,0.0,22.08,11.46,0.0,0.0,5.0,0.0,1.585,1.0,1.0,0.0,0.0,0.0,100.0,1212.0
385,0.0,34.0,5.5,1.0,1.0,0.0,0.0,1.5,1.0,1.0,0.0,0.0,0.0,60.0,0.0
386,0.0,22.58,1.5,1.0,1.0,12.0,0.0,0.54,1.0,1.0,0.0,0.0,0.0,120.0,67.0
387,0.0,21.17,0.0,0.0,0.0,0.0,0.0,0.5,1.0,1.0,0.0,0.0,2.0,0.0,0.0
388,0.0,26.67,14.585,0.0,0.0,3.0,2.0,0.0,1.0,1.0,0.0,0.0,0.0,178.0,0.0
389,0.0,22.92,0.17,0.0,0.0,6.0,0.0,0.085,1.0,1.0,0.0,1.0,2.0,0.0,0.0
390,0.0,15.17,7.0,0.0,0.0,11.0,0.0,1.0,1.0,1.0,0.0,1.0,0.0,600.0,0.0
391,0.0,39.92,5.0,0.0,0.0,3.0,2.0,0.21,1.0,1.0,0.0,1.0,0.0,550.0,0.0
392,0.0,27.42,12.5,0.0,0.0,12.0,2.0,0.25,1.0,1.0,0.0,0.0,0.0,720.0,0.0
393,0.0,24.75,0.54,0.0,0.0,6.0,0.0,1.0,1.0,1.0,0.0,0.0,0.0,120.0,1.0
394,0.0,41.17,1.25,1.0,1.0,9.0,0.0,0.25,1.0,1.0,0.0,1.0,0.0,0.0,195.0
395,1.0,33.08,1.625,0.0,0.0,1.0,0.0,0.54,1.0,1.0,0.0,0.0,0.0,0.0,0.0
396,0.0,29.83,2.04,1.0,1.0,10.0,1.0,0.04,1.0,1.0,0.0,1.0,0.0,128.0,1.0
397,1.0,23.58,0.585,1.0,1.0,13.0,7.0,0.125,1.0,1.0,0.0,1.0,0.0,120.0,87.0
398,0.0,26.17,12.5,1.0,1.0,5.0,1.0,1.25,1.0,1.0,0.0,0.0,0.0,0.0,17.0
399,0.0,31.0,2.085,0.0,0.0,0.0,0.0,0.085,1.0,1.0,0.0,1.0,0.0,300.0,0.0
400,0.0,20.75,5.085,1.0,1.0,4.0,0.0,0.29,1.0,1.0,0.0,1.0,0.0,140.0,184.0
401,0.0,28.92,0.375,0.0,0.0,0.0,0.0,0.29,1.0,1.0,0.0,1.0,0.0,220.0,140.0
402,1.0,51.92,6.5,0.0,0.0,3.0,2.0,3.085,1.0,1.0,0.0,0.0,0.0,73.0,0.0
403,1.0,22.67,0.335,0.0,0.0,8.0,0.0,0.75,1.0,1.0,0.0,1.0,2.0,160.0,0.0
404,0.0,34.0,5.085,1.0,1.0,3.0,2.0,1.085,1.0,1.0,0.0,0.0,0.0,480.0,0.0
405,1.0,69.5,6.0,0.0,0.0,13.0,7.0,0.0,1.0,1.0,0.0,1.0,2.0,0.0,0.0
406,1.0,40.33,8.125,1.0,1.0,5.0,0.0,0.165,1.0,0.0,2.0,1.0,0.0,,18.0
407,1.0,19.58,0.665,1.0,1.0,0.0,0.0,1.0,1.0,0.0,1.0,1.0,0.0,2000.0,2.0
408,0.0,16.0,3.125,0.0,0.0,9.0,0.0,0.085,1.0,0.0,1.0,1.0,0.0,0.0,6.0
409,0.0,17.08,0.25,0.0,0.0,8.0,0.0,0.335,1.0,0.0,4.0,1.0,0.0,160.0,8.0
410,0.0,31.25,2.835,0.0,0.0,13.0,7.0,0.0,1.0,0.0,5.0,1.0,0.0,176.0,146.0
411,0.0,25.17,3.0,0.0,0.0,0.0,0.0,1.25,1.0,0.0,1.0,1.0,0.0,0.0,22.0
412,1.0,22.67,0.79,0.0,0.0,3.0,0.0,0.085,1.0,1.0,0.0,1.0,0.0,144.0,0.0
413,0.0,40.58,1.5,0.0,0.0,3.0,2.0,0.0,1.0,1.0,0.0,1.0,2.0,300.0,0.0
414,0.0,22.25,0.46,0.0,0.0,5.0,0.0,0.125,1.0,1.0,0.0,0.0,0.0,280.0,55.0
415,1.0,22.25,1.25,1.0,1.0,13.0,7.0,3.25,1.0,1.0,0.0,1.0,0.0,280.0,0.0
416,0.0,22.5,0.125,1.0,1.0,5.0,0.0,0.125,1.0,1.0,0.0,1.0,0.0,200.0,70.0
417,0.0,23.58,1.79,0.0,0.0,0.0,0.0,0.54,1.0,1.0,0.0,0.0,0.0,136.0,1.0
418,0.0,38.42,0.705,0.0,0.0,0.0,0.0,0.375,1.0,0.0,2.0,1.0,0.0,225.0,500.0
419,1.0,26.58,2.54,1.0,1.0,13.0,7.0,0.0,1.0,1.0,0.0,0.0,0.0,180.0,60.0
420,0.0,35.0,2.5,0.0,0.0,3.0,0.0,1.0,1.0,1.0,0.0,0.0,0.0,210.0,0.0
421,0.0,20.42,1.085,0.0,0.0,8.0,0.0,1.5,1.0,1.0,0.0,1.0,0.0,108.0,7.0
422,0.0,29.42,1.25,0.0,0.0,9.0,0.0,1.75,1.0,1.0,0.0,1.0,0.0,200.0,0.0
423,0.0,26.17,0.835,0.0,0.0,2.0,0.0,1.165,1.0,1.0,0.0,1.0,0.0,100.0,0.0
424,0.0,33.67,2.165,0.0,0.0,0.0,0.0,1.5,1.0,1.0,0.0,1.0,1.0,120.0,0.0
425,0.0,24.58,1.25,0.0,0.0,0.0,0.0,0.25,1.0,1.0,0.0,1.0,0.0,110.0,0.0
426,1.0,27.67,2.04,0.0,0.0,9.0,0.0,0.25,1.0,1.0,0.0,0.0,0.0,180.0,50.0
427,0.0,37.5,0.835,0.0,0.0,11.0,0.0,0.04,1.0,1.0,0.0,1.0,0.0,120.0,5.0
428,0.0,49.17,2.29,0.0,0.0,13.0,7.0,0.29,1.0,1.0,0.0,1.0,0.0,200.0,3.0
429,0.0,33.58,0.335,1.0,1.0,2.0,0.0,0.085,1.0,1.0,0.0,1.0,0.0,180.0,0.0
430,0.0,51.83,3.0,1.0,1.0,13.0,7.0,1.5,1.0,1.0,0.0,1.0,0.0,180.0,4.0
431,0.0,22.92,3.165,1.0,1.0,0.0,0.0,0.165,1.0,1.0,0.0,1.0,0.0,160.0,1058.0
432,0.0,21.83,1.54,0.0,0.0,5.0,0.0,0.085,1.0,1.0,0.0,0.0,0.0,356.0,0.0
433,0.0,25.25,1.0,0.0,0.0,12.0,0.0,0.5,1.0,1.0,0.0,1.0,0.0,200.0,0.0
434,0.0,58.58,2.71,0.0,0.0,0.0,0.0,2.415,1.0,1.0,0.0,0.0,0.0,320.0,0.0
435,0.0,19.0,0.0,1.0,1.0,13.0,7.0,0.0,1.0,0.0,4.0,1.0,0.0,45.0,1.0
436,0.0,19.58,0.585,0.0,0.0,13.0,7.0,0.0,1.0,0.0,3.0,1.0,0.0,350.0,769.0
437,1.0,53.33,0.165,0.0,0.0,13.0,7.0,0.0,1.0,1.0,0.0,0.0,2.0,62.0,27.0
438,1.0,27.17,1.25,0.0,0.0,13.0,7.0,0.0,1.0,0.0,1.0,1.0,0.0,92.0,300.0
439,0.0,25.92,0.875,0.0,0.0,5.0,0.0,0.375,1.0,0.0,2.0,0.0,0.0,174.0,3.0
440,0.0,23.08,0.0,0.0,0.0,5.0,0.0,1.0,1.0,0.0,11.0,1.0,2.0,0.0,0.0
441,0.0,39.58,5.0,0.0,0.0,13.0,7.0,0.0,1.0,0.0,2.0,1.0,0.0,17.0,1.0
442,0.0,30.58,2.71,1.0,1.0,6.0,0.0,0.125,1.0,1.0,0.0,0.0,2.0,80.0,0.0
443,0.0,17.25,3.0,0.0,0.0,5.0,0.0,0.04,1.0,1.0,0.0,0.0,0.0,160.0,40.0
444,1.0,17.67,0.0,1.0,1.0,4.0,7.0,0.0,1.0,1.0,0.0,1.0,0.0,86.0,0.0
445,1.0,,11.25,0.0,0.0,13.0,7.0,0.0,1.0,1.0,0.0,1.0,0.0,,5200.0
446,0.0,16.5,0.125,0.0,0.0,0.0,0.0,0.165,1.0,1.0,0.0,1.0,0.0,132.0,0.0
447,1.0,27.33,1.665,0.0,0.0,13.0,7.0,0.0,1.0,1.0,0.0,1.0,0.0,340.0,1.0
448,0.0,31.25,1.125,0.0,0.0,13.0,7.0,0.0,1.0,0.0,1.0,1.0,0.0,96.0,19.0
449,0.0,20.0,7.0,0.0,0.0,0.0,0.0,0.5,1.0,1.0,0.0,1.0,0.0,0.0,0.0
450,0.0,,3.0,1.0,1.0,3.0,2.0,7.0,1.0,1.0,0.0,1.0,0.0,0.0,1.0
451,0.0,39.5,1.625,0.0,0.0,0.0,0.0,1.5,1.0,1.0,0.0,1.0,0.0,0.0,316.0
452,0.0,36.5,4.25,0.0,0.0,8.0,0.0,3.5,1.0,1.0,0.0,1.0,0.0,454.0,50.0
453,,29.75,0.665,0.0,0.0,9.0,0.0,0.25,1.0,1.0,0.0,0.0,0.0,300.0,0.0
454,0.0,52.42,1.5,0.0,0.0,1.0,0.0,3.75,1.0,1.0,0.0,0.0,0.0,0.0,350.0
455,0.0,36.17,18.125,0.0,0.0,9.0,0.0,0.085,1.0,1.0,0.0,1.0,0.0,320.0,3552.0
456,0.0,34.58,0.0,,,,,0.0,1.0,1.0,0.0,1.0,1.0,,0.0
457,0.0,29.67,0.75,1.0,1.0,0.0,0.0,0.04,1.0,1.0,0.0,1.0,0.0,240.0,0.0
458,0.0,36.17,5.5,0.0,0.0,3.0,2.0,5.0,1.0,1.0,0.0,1.0,0.0,210.0,687.0
459,0.0,25.67,0.29,1.0,1.0,0.0,0.0,1.5,1.0,1.0,0.0,0.0,0.0,160.0,0.0
460,1.0,24.5,2.415,1.0,1.0,0.0,0.0,0.0,1.0,1.0,0.0,1.0,0.0,120.0,0.0
461,0.0,24.08,0.875,0.0,0.0,6.0,0.0,0.085,1.0,0.0,4.0,1.0,0.0,254.0,1950.0
462,0.0,21.92,0.5,0.0,0.0,0.0,0.0,0.125,1.0,1.0,0.0,1.0,0.0,360.0,0.0
463,1.0,36.58,0.29,0.0,0.0,13.0,7.0,0.0,1.0,0.0,10.0,1.0,0.0,200.0,18.0
464,1.0,23.0,1.835,0.0,0.0,4.0,3.0,0.0,1.0,0.0,1.0,1.0,0.0,200.0,53.0
465,1.0,27.58,3.0,0.0,0.0,6.0,0.0,2.79,1.0,0.0,1.0,0.0,0.0,280.0,10.0
466,0.0,31.08,3.085,0.0,0.0,0.0,0.0,2.5,1.0,0.0,2.0,0.0,0.0,160.0,41.0
467,1.0,30.42,1.375,0.0,0.0,9.0,1.0,0.04,1.0,0.0,3.0,1.0,0.0,0.0,33.0
468,0.0,22.08,2.335,0.0,0.0,5.0,0.0,0.75,1.0,1.0,0.0,1.0,0.0,180.0,0.0
469,0.0,16.33,4.085,0.0,0.0,3.0,1.0,0.415,1.0,1.0,0.0,0.0,0.0,120.0,0.0
470,1.0,21.92,11.665,0.0,0.0,5.0,1.0,0.085,1.0,1.0,0.0,1.0,0.0,320.0,5.0
471,0.0,21.08,4.125,1.0,1.0,3.0,1.0,0.04,1.0,1.0,0.0,1.0,0.0,140.0,100.0
472,0.0,17.42,6.5,0.0,0.0,3.0,0.0,0.125,1.0,1.0,0.0,1.0,0.0,60.0,100.0
473,0.0,19.17,4.0,1.0,1.0,3.0,0.0,1.0,1.0,1.0,0.0,0.0,0.0,360.0,1000.0
474,0.0,20.67,0.415,0.0,0.0,0.0,0.0,0.125,1.0,1.0,0.0,1.0,0.0,0.0,44.0
475,0.0,26.75,2.0,0.0,0.0,1.0,0.0,0.75,1.0,1.0,0.0,0.0,0.0,80.0,0.0
476,0.0,23.58,0.835,0.0,0.0,3.0,1.0,0.085,1.0,1.0,0.0,0.0,0.0,220.0,5.0
477,0.0,39.17,2.5,1.0,1.0,3.0,1.0,10.0,1.0,1.0,0.0,0.0,2.0,200.0,0.0
478,0.0,22.75,11.5,0.0,0.0,3.0,0.0,0.415,1.0,1.0,0.0,1.0,0.0,0.0,0.0
479,,26.5,2.71,1.0,1.0,,,0.085,1.0,1.0,0.0,1.0,2.0,80.0,0.0
480,1.0,16.92,0.5,0.0,0.0,3.0,0.0,0.165,1.0,0.0,6.0,0.0,0.0,240.0,35.0
481,0.0,23.5,3.165,1.0,1.0,5.0,0.0,0.415,1.0,0.0,1.0,0.0,0.0,280.0,80.0
482,1.0,17.33,9.5,0.0,0.0,12.0,0.0,1.75,1.0,0.0,10.0,0.0,0.0,0.0,10.0
483,0.0,23.75,0.415,1.0,1.0,0.0,0.0,0.04,1.0,0.0,2.0,1.0,0.0,128.0,6.0
484,0.0,34.67,1.08,0.0,0.0,6.0,0.0,1.165,1.0,1.0,0.0,1.0,2.0,28.0,0.0
485,0.0,74.83,19.0,1.0,1.0,13.0,7.0,0.04,1.0,0.0,2.0,1.0,0.0,0.0,351.0
486,0.0,28.17,0.125,1.0,1.0,5.0,0.0,0.085,1.0,1.0,0.0,1.0,0.0,216.0,2100.0
487,0.0,24.5,13.335,1.0,1.0,12.0,0.0,0.04,1.0,1.0,0.0,0.0,0.0,120.0,475.0
488,0.0,18.83,3.54,1.0,1.0,13.0,7.0,0.0,1.0,1.0,0.0,0.0,0.0,180.0,1.0
489,,45.33,1.0,0.0,0.0,8.0,0.0,0.125,1.0,1.0,0.0,0.0,0.0,263.0,0.0
490,1.0,47.25,0.75,0.0,0.0,8.0,1.0,2.75,0.0,0.0,1.0,1.0,0.0,333.0,892.0
491,0.0,24.17,0.875,0.0,0.0,8.0,0.0,4.625,0.0,0.0,2.0,0.0,0.0,520.0,2000.0
492,0.0,39.25,9.5,0.0,0.0,6.0,0.0,6.5,0.0,0.0,14.0,1.0,0.0,240.0,4607.0
493,1.0,20.5,11.835,0.0,0.0,0.0,1.0,6.0,0.0,1.0,0.0,1.0,0.0,340.0,0.0
494,1.0,18.83,4.415,1.0,1.0,0.0,1.0,3.0,0.0,1.0,0.0,1.0,0.0,240.0,0.0
495,0.0,19.17,9.5,0.0,0.0,9.0,0.0,1.5,0.0,1.0,0.0,1.0,0.0,120.0,2206.0
496,1.0,25.0,0.875,0.0,0.0,10.0,1.0,1.04,0.0,1.0,0.0,0.0,0.0,160.0,5860.0
497,0.0,20.17,9.25,0.0,0.0,0.0,0.0,1.665,0.0,0.0,3.0,0.0,0.0,40.0,28.0
498,0.0,25.75,0.5,0.0,0.0,0.0,0.0,1.46,0.0,0.0,5.0,0.0,0.0,312.0,0.0
499,0.0,20.42,7.0,0.0,0.0,0.0,0.0,1.625,0.0,0.0,3.0,1.0,0.0,200.0,1391.0
500,0.0,,4.0,0.0,0.0,10.0,0.0,5.0,0.0,0.0,3.0,0.0,0.0,290.0,2279.0
501,0.0,39.0,5.0,0.0,0.0,2.0,0.0,3.5,0.0,0.0,10.0,0.0,0.0,0.0,0.0
502,1.0,64.08,0.165,0.0,0.0,13.0,7.0,0.0,0.0,0.0,1.0,1.0,0.0,232.0,100.0
503,0.0,28.25,5.125,0.0,0.0,10.0,0.0,4.75,0.0,0.0,2.0,1.0,0.0,420.0,7.0
504,1.0,28.75,3.75,0.0,0.0,0.0,0.0,1.085,0.0,0.0,1.0,0.0,0.0,371.0,0.0
505,0.0,31.33,19.5,0.0,0.0,0.0,0.0,7.0,0.0,0.0,16.0,1.0,0.0,0.0,5000.0
506,1.0,18.92,9.0,0.0,0.0,12.0,0.0,0.75,0.0,0.0,2.0,1.0,0.0,88.0,591.0
507,1.0,24.75,3.0,0.0,0.0,8.0,1.0,1.835,0.0,0.0,19.0,1.0,0.0,0.0,500.0
508,1.0,30.67,12.0,0.0,0.0,0.0,0.0,2.0,0.0,0.0,1.0,1.0,0.0,220.0,19.0
509,0.0,21.0,4.79,1.0,1.0,9.0,0.0,2.25,0.0,0.0,1.0,0.0,0.0,80.0,300.0
510,0.0,13.75,4.0,1.0,1.0,9.0,0.0,1.75,0.0,0.0,2.0,0.0,0.0,120.0,1000.0
511,1.0,46.0,4.0,0.0,0.0,4.0,3.0,0.0,0.0,1.0,0.0,1.0,0.0,100.0,960.0
512,1.0,44.33,0.0,0.0,0.0,0.0,0.0,2.5,0.0,1.0,0.0,1.0,0.0,0.0,0.0
513,0.0,20.25,9.96,0.0,0.0,11.0,6.0,0.0,0.0,1.0,0.0,1.0,0.0,0.0,0.0
514,0.0,22.67,2.54,1.0,1.0,0.0,1.0,2.585,0.0,1.0,0.0,1.0,0.0,0.0,0.0
515,0.0,,10.5,0.0,0.0,10.0,0.0,6.5,0.0,1.0,0.0,1.0,0.0,0.0,0.0
516,1.0,60.92,5.0,0.0,0.0,12.0,0.0,4.0,0.0,0.0,4.0,1.0,0.0,0.0,99.0
517,0.0,16.08,0.75,0.0,0.0,0.0,0.0,1.75,0.0,0.0,5.0,0.0,0.0,352.0,690.0
518,1.0,28.17,0.375,0.0,0.0,8.0,0.0,0.585,0.0,0.0,4.0,1.0,0.0,80.0,0.0
519,0.0,39.17,1.71,0.0,0.0,10.0,0.0,0.125,0.0,0.0,5.0,0.0,0.0,480.0,0.0
520,,20.42,7.5,0.0,0.0,5.0,0.0,1.5,0.0,0.0,1.0,1.0,0.0,160.0,234.0
521,1.0,30.0,5.29,0.0,0.0,11.0,6.0,2.25,0.0,0.0,5.0,0.0,0.0,99.0,500.0
522,0.0,22.83,3.0,0.0,0.0,6.0,0.0,1.29,0.0,0.0,1.0,1.0,0.0,260.0,800.0
523,1.0,22.5,8.5,0.0,0.0,8.0,0.0,1.75,0.0,0.0,10.0,1.0,0.0,80.0,990.0
524,1.0,28.58,1.665,0.0,0.0,8.0,0.0,2.415,0.0,1.0,0.0,0.0,0.0,440.0,0.0
525,0.0,45.17,1.5,0.0,0.0,0.0,0.0,2.5,0.0,1.0,0.0,0.0,0.0,140.0,0.0
526,0.0,41.58,1.75,0.0,0.0,5.0,0.0,0.21,0.0,1.0,0.0,1.0,0.0,160.0,0.0
527,1.0,57.08,0.335,0.0,0.0,3.0,2.0,1.0,0.0,1.0,0.0,0.0,0.0,252.0,2197.0
528,1.0,55.75,7.08,0.0,0.0,5.0,1.0,6.75,0.0,0.0,3.0,0.0,0.0,100.0,50.0
529,0.0,43.25,25.21,0.0,0.0,8.0,1.0,0.21,0.0,0.0,1.0,1.0,0.0,760.0,90.0
530,1.0,25.33,2.085,0.0,0.0,0.0,1.0,2.75,0.0,1.0,0.0,0.0,0.0,360.0,1.0
531,1.0,24.58,0.67,0.0,0.0,12.0,1.0,1.75,0.0,1.0,0.0,1.0,0.0,400.0,0.0
532,0.0,43.17,2.25,0.0,0.0,3.0,2.0,0.75,0.0,1.0,0.0,1.0,0.0,560.0,0.0
533,0.0,40.92,0.835,0.0,0.0,13.0,7.0,0.0,0.0,1.0,0.0,1.0,0.0,130.0,1.0
534,0.0,31.83,2.5,0.0,0.0,12.0,0.0,7.5,0.0,1.0,0.0,0.0,0.0,523.0,0.0
535,1.0,33.92,1.585,1.0,1.0,13.0,7.0,0.0,0.0,1.0,0.0,1.0,0.0,320.0,0.0
536,1.0,24.92,1.25,0.0,0.0,13.0,7.0,0.0,0.0,1.0,0.0,1.0,0.0,80.0,0.0
537,0.0,35.25,3.165,0.0,0.0,10.0,1.0,3.75,0.0,1.0,0.0,0.0,0.0,680.0,0.0
538,0.0,34.25,1.75,0.0,0.0,9.0,2.0,0.25,0.0,1.0,0.0,0.0,0.0,163.0,0.0
539,0.0,80.25,5.5,0.0,0.0,,,0.54,0.0,1.0,0.0,1.0,0.0,0.0,340.0
540,0.0,19.42,1.5,1.0,1.0,2.0,0.0,2.0,0.0,1.0,0.0,0.0,0.0,100.0,20.0
541,0.0,42.75,3.0,0.0,0.0,3.0,2.0,1.0,0.0,1.0,0.0,1.0,0.0,0.0,200.0
542,0.0,19.67,10.0,1.0,1.0,5.0,1.0,0.835,0.0,1.0,0.0,0.0,0.0,140.0,0.0
543,0.0,36.33,3.79,0.0,0.0,9.0,0.0,1.165,0.0,1.0,0.0,0.0,0.0,200.0,0.0
544,0.0,30.08,1.04,1.0,1.0,3.0,2.0,0.5,0.0,0.0,10.0,0.0,0.0,132.0,28.0
545,0.0,44.25,11.0,1.0,1.0,1.0,0.0,1.5,0.0,1.0,0.0,1.0,2.0,0.0,0.0
546,0.0,23.58,0.46,1.0,1.0,9.0,0.0,2.625,0.0,0.0,6.0,0.0,0.0,208.0,347.0
547,0.0,23.92,1.5,0.0,0.0,1.0,1.0,1.875,0.0,0.0,6.0,1.0,0.0,200.0,327.0
548,0.0,33.17,1.0,0.0,0.0,10.0,0.0,0.75,0.0,0.0,7.0,0.0,0.0,340.0,4071.0
549,0.0,48.33,12.0,0.0,0.0,6.0,0.0,16.0,0.0,1.0,0.0,1.0,2.0,110.0,0.0
550,0.0,76.75,22.29,0.0,0.0,11.0,5.0,12.75,0.0,0.0,1.0,0.0,0.0,0.0,109.0
551,0.0,51.33,10.0,0.0,0.0,3.0,2.0,0.0,0.0,0.0,11.0,1.0,0.0,0.0,1249.0
552,0.0,34.75,15.0,0.0,0.0,7.0,4.0,5.375,0.0,0.0,9.0,0.0,0.0,0.0,134.0
553,0.0,38.58,3.335,0.0,0.0,9.0,0.0,4.0,0.0,0.0,14.0,1.0,0.0,383.0,1344.0
554,1.0,22.42,11.25,1.0,1.0,10.0,1.0,0.75,0.0,0.0,4.0,1.0,0.0,0.0,321.0
555,0.0,41.92,0.42,0.0,0.0,0.0,1.0,0.21,0.0,0.0,6.0,1.0,0.0,220.0,948.0
556,0.0,29.58,4.5,0.0,0.0,9.0,0.0,7.5,0.0,0.0,2.0,0.0,0.0,330.0,0.0
557,1.0,32.17,1.46,0.0,0.0,9.0,0.0,1.085,0.0,0.0,16.0,1.0,0.0,120.0,2079.0
558,0.0,51.42,0.04,0.0,0.0,10.0,1.0,0.04,0.0,1.0,0.0,1.0,0.0,0.0,3000.0
559,1.0,22.83,2.29,0.0,0.0,8.0,1.0,2.29,0.0,0.0,7.0,0.0,0.0,140.0,2384.0
560,1.0,25.0,12.33,0.0,0.0,2.0,1.0,3.5,0.0,0.0,6.0,1.0,0.0,400.0,458.0
561,0.0,26.75,1.125,0.0,0.0,10.0,1.0,1.25,0.0,1.0,0.0,1.0,0.0,0.0,5298.0
562,0.0,23.33,1.5,0.0,0.0,0.0,1.0,1.415,0.0,1.0,0.0,1.0,0.0,422.0,200.0
563,0.0,24.42,12.335,0.0,0.0,8.0,1.0,1.585,0.0,1.0,0.0,0.0,0.0,120.0,0.0
564,0.0,42.17,5.04,0.0,0.0,8.0,1.0,12.75,0.0,1.0,0.0,0.0,0.0,92.0,0.0
565,1.0,20.83,3.0,0.0,0.0,12.0,0.0,0.04,0.0,1.0,0.0,1.0,0.0,100.0,0.0
566,0.0,23.08,11.5,0.0,0.0,9.0,1.0,2.125,0.0,0.0,11.0,0.0,0.0,290.0,284.0
567,1.0,25.17,2.875,0.0,0.0,10.0,1.0,0.875,0.0,1.0,0.0,1.0,0.0,360.0,0.0
568,0.0,43.08,0.375,1.0,1.0,0.0,0.0,0.375,0.0,0.0,8.0,0.0,0.0,300.0,162.0
569,1.0,35.75,0.915,0.0,0.0,12.0,0.0,0.75,0.0,0.0,4.0,1.0,0.0,0.0,1583.0
570,0.0,59.5,2.75,0.0,0.0,9.0,0.0,1.75,0.0,0.0,5.0,0.0,0.0,60.0,58.0
571,0.0,21.0,3.0,1.0,1.0,1.0,0.0,1.085,0.0,0.0,8.0,0.0,0.0,160.0,1.0
572,0.0,21.92,0.54,1.0,1.0,10.0,0.0,0.04,0.0,0.0,1.0,0.0,0.0,840.0,59.0
573,1.0,65.17,14.0,0.0,0.0,13.0,7.0,0.0,0.0,0.0,11.0,0.0,0.0,0.0,1400.0
574,1.0,20.33,10.0,0.0,0.0,0.0,1.0,1.0,0.0,0.0,4.0,1.0,0.0,50.0,1465.0
575,0.0,32.25,0.165,1.0,1.0,0.0,1.0,3.25,0.0,0.0,1.0,0.0,0.0,432.0,8000.0
576,0.0,30.17,0.5,0.0,0.0,0.0,0.0,1.75,0.0,0.0,11.0,1.0,0.0,32.0,540.0
577,0.0,25.17,6.0,0.0,0.0,0.0,0.0,1.0,0.0,0.0,3.0,1.0,0.0,0.0,0.0
578,0.0,39.17,1.625,0.0,0.0,0.0,0.0,1.5,0.0,0.0,10.0,1.0,0.0,186.0,4700.0
579,0.0,39.08,6.0,0.0,0.0,6.0,0.0,1.29,0.0,0.0,5.0,0.0,0.0,108.0,1097.0
580,0.0,31.67,0.83,0.0,0.0,10.0,0.0,1.335,0.0,0.0,8.0,0.0,0.0,303.0,3290.0
581,0.0,41.0,0.04,0.0,0.0,11.0,0.0,0.04,1.0,0.0,1.0,1.0,2.0,560.0,0.0
582,0.0,48.5,4.25,0.0,0.0,6.0,0.0,0.125,0.0,1.0,0.0,0.0,0.0,225.0,0.0
583,0.0,32.67,9.0,1.0,1.0,9.0,1.0,5.25,0.0,1.0,0.0,0.0,0.0,154.0,0.0
584,1.0,28.08,15.0,1.0,1.0,11.0,5.0,0.0,0.0,1.0,0.0,1.0,0.0,0.0,13212.0
585,0.0,73.42,17.75,0.0,0.0,13.0,7.0,0.0,0.0,1.0,0.0,0.0,0.0,0.0,0.0
586,0.0,64.08,20.0,0.0,0.0,10.0,1.0,17.5,0.0,0.0,9.0,0.0,0.0,0.0,1000.0
587,0.0,51.58,15.0,0.0,0.0,0.0,0.0,8.5,0.0,0.0,9.0,1.0,0.0,0.0,0.0
588,0.0,26.67,1.75,1.0,1.0,0.0,0.0,1.0,0.0,0.0,5.0,0.0,0.0,160.0,5777.0
589,0.0,25.33,0.58,0.0,0.0,0.0,0.0,0.29,0.0,0.0,7.0,0.0,0.0,96.0,5124.0
590,0.0,30.17,6.5,0.0,0.0,2.0,0.0,3.125,0.0,0.0,8.0,1.0,0.0,330.0,1200.0
591,0.0,27.0,0.75,0.0,0.0,0.0,1.0,4.25,0.0,0.0,3.0,0.0,0.0,312.0,150.0
592,0.0,23.17,0.0,,,,,0.0,1.0,1.0,0.0,1.0,1.0,,0.0
593,0.0,34.17,5.25,0.0,0.0,9.0,0.0,0.085,1.0,1.0,0.0,0.0,0.0,290.0,6.0
594,0.0,38.67,0.21,0.0,0.0,5.0,0.0,0.085,0.0,1.0,0.0,0.0,0.0,280.0,0.0
595,0.0,25.75,0.75,0.0,0.0,0.0,2.0,0.25,0.0,1.0,0.0,1.0,0.0,349.0,23.0
596,1.0,46.08,3.0,0.0,0.0,0.0,0.0,2.375,0.0,0.0,8.0,0.0,0.0,396.0,4159.0
597,1.0,21.5,6.0,0.0,0.0,12.0,0.0,2.5,0.0,0.0,3.0,1.0,0.0,80.0,918.0
598,,20.08,0.125,0.0,0.0,8.0,0.0,1.0,1.0,0.0,1.0,1.0,0.0,240.0,768.0
599,0.0,20.5,2.415,0.0,0.0,0.0,0.0,2.0,0.0,0.0,11.0,0.0,0.0,200.0,3000.0
600,1.0,29.5,0.46,0.0,0.0,5.0,0.0,0.54,0.0,0.0,4.0,1.0,0.0,380.0,500.0
601,,42.25,1.75,1.0,1.0,,,0.0,1.0,1.0,0.0,0.0,0.0,150.0,1.0
602,0.0,29.83,1.25,1.0,1.0,5.0,0.0,0.25,1.0,1.0,0.0,1.0,0.0,224.0,0.0
603,0.0,20.08,0.25,0.0,0.0,8.0,0.0,0.125,1.0,1.0,0.0,1.0,0.0,200.0,0.0
604,0.0,23.42,0.585,0.0,0.0,0.0,1.0,0.085,0.0,1.0,0.0,1.0,0.0,180.0,0.0
605,1.0,29.58,1.75,1.0,1.0,5.0,0.0,1.25,1.0,1.0,0.0,0.0,0.0,280.0,0.0
606,0.0,16.17,0.04,0.0,0.0,0.0,0.0,0.04,1.0,1.0,0.0,1.0,0.0,0.0,0.0
607,0.0,32.33,3.5,0.0,0.0,5.0,0.0,0.5,1.0,1.0,0.0,0.0,0.0,232.0,0.0
608,0.0,,0.04,1.0,1.0,1.0,0.0,4.25,1.0,1.0,0.0,0.0,0.0,460.0,0.0
609,0.0,47.83,4.165,0.0,0.0,10.0,2.0,0.085,1.0,1.0,0.0,0.0,0.0,520.0,0.0
610,0.0,20.0,1.25,1.0,1.0,5.0,0.0,0.125,1.0,1.0,0.0,1.0,0.0,140.0,4.0
611,0.0,27.58,3.25,1.0,1.0,8.0,1.0,5.085,1.0,0.0,2.0,0.0,0.0,369.0,1.0
612,0.0,22.0,0.79,0.0,0.0,9.0,0.0,0.29,1.0,0.0,1.0,1.0,0.0,420.0,283.0
613,0.0,19.33,10.915,0.0,0.0,0.0,2.0,0.585,1.0,0.0,2.0,0.0,0.0,200.0,7.0
614,1.0,38.33,4.415,0.0,0.0,0.0,0.0,0.125,1.0,1.0,0.0,1.0,0.0,160.0,0.0
615,0.0,29.42,1.25,0.0,0.0,0.0,1.0,0.25,1.0,0.0,2.0,0.0,0.0,400.0,108.0
616,0.0,22.67,0.75,0.0,0.0,3.0,0.0,1.585,1.0,0.0,1.0,0.0,0.0,400.0,9.0
617,0.0,32.25,14.0,1.0,1.0,13.0,7.0,0.0,1.0,0.0,2.0,1.0,0.0,160.0,1.0
618,0.0,29.58,4.75,0.0,0.0,6.0,0.0,2.0,1.0,0.0,1.0,0.0,0.0,460.0,68.0
619,0.0,18.42,10.415,1.0,1.0,12.0,0.0,0.125,0.0,1.0,0.0,1.0,0.0,120.0,375.0
620,0.0,22.17,2.25,0.0,0.0,3.0,0.0,0.125,1.0,1.0,0.0,1.0,0.0,160.0,10.0
621,0.0,22.67,0.165,0.0,0.0,0.0,3.0,2.25,1.0,1.0,0.0,0.0,2.0,0.0,0.0
622,1.0,25.58,0.0,,,,,0.0,1.0,1.0,0.0,1.0,1.0,,0.0
623,0.0,18.83,0.0,0.0,0.0,8.0,0.0,0.665,1.0,1.0,0.0,1.0,0.0,160.0,1.0
624,0.0,21.58,0.79,1.0,1.0,2.0,0.0,0.665,1.0,1.0,0.0,1.0,0.0,160.0,0.0
625,0.0,23.75,12.0,0.0,0.0,0.0,0.0,2.085,1.0,1.0,0.0,1.0,2.0,80.0,0.0
626,0.0,22.0,7.835,1.0,1.0,3.0,2.0,0.165,1.0,1.0,0.0,0.0,0.0,,0.0
627,0.0,36.08,2.54,0.0,0.0,13.0,7.0,0.0,1.0,1.0,0.0,1.0,0.0,0.0,1000.0
628,0.0,29.25,13.0,0.0,0.0,1.0,1.0,0.5,1.0,1.0,0.0,1.0,0.0,228.0,0.0
629,1.0,19.58,0.665,0.0,0.0,9.0,0.0,1.665,1.0,1.0,0.0,1.0,0.0,220.0,5.0
630,1.0,22.92,1.25,0.0,0.0,8.0,0.0,0.25,1.0,1.0,0.0,0.0,0.0,120.0,809.0
631,1.0,27.25,0.29,0.0,0.0,6.0,1.0,0.125,1.0,0.0,1.0,0.0,0.0,272.0,108.0
632,1.0,38.75,1.5,0.0,0.0,13.0,7.0,0.0,1.0,1.0,0.0,1.0,0.0,76.0,0.0
633,0.0,32.42,2.165,1.0,1.0,5.0,7.0,0.0,1.0,1.0,0.0,1.0,0.0,120.0,0.0
634,1.0,23.75,0.71,0.0,0.0,9.0,0.0,0.25,1.0,0.0,1.0,0.0,0.0,240.0,4.0
635,0.0,18.17,2.46,0.0,0.0,0.0,4.0,0.96,1.0,0.0,2.0,0.0,0.0,160.0,587.0
636,0.0,40.92,0.5,1.0,1.0,6.0,0.0,0.5,1.0,1.0,0.0,0.0,0.0,130.0,0.0
637,0.0,19.5,9.585,0.0,0.0,12.0,0.0,0.79,1.0,1.0,0.0,1.0,0.0,80.0,350.0
638,0.0,28.58,3.625,0.0,0.0,12.0,0.0,0.25,1.0,1.0,0.0,0.0,0.0,100.0,0.0
639,0.0,35.58,0.75,0.0,0.0,5.0,0.0,1.5,1.0,1.0,0.0,0.0,0.0,231.0,0.0
640,0.0,34.17,2.75,0.0,0.0,3.0,2.0,2.5,1.0,1.0,0.0,0.0,0.0,232.0,200.0
641,,33.17,2.25,1.0,1.0,2.0,0.0,3.5,1.0,1.0,0.0,0.0,0.0,200.0,141.0
642,0.0,31.58,0.75,1.0,1.0,12.0,0.0,3.5,1.0,1.0,0.0,0.0,0.0,320.0,0.0
643,1.0,52.5,7.0,0.0,0.0,12.0,1.0,3.0,1.0,1.0,0.0,1.0,0.0,0.0,0.0
644,0.0,36.17,0.42,1.0,1.0,9.0,0.0,0.29,1.0,1.0,0.0,0.0,0.0,309.0,2.0
645,0.0,37.33,2.665,0.0,0.0,2.0,0.0,0.165,1.0,1.0,0.0,0.0,0.0,0.0,501.0
646,1.0,20.83,8.5,0.0,0.0,0.0,0.0,0.165,1.0,1.0,0.0,1.0,0.0,0.0,351.0
647,0.0,24.08,9.0,0.0,0.0,12.0,0.0,0.25,1.0,1.0,0.0,0.0,0.0,0.0,0.0
648,0.0,25.58,0.335,0.0,0.0,5.0,1.0,3.5,1.0,1.0,0.0,0.0,0.0,340.0,0.0
649,1.0,35.17,3.75,0.0,0.0,13.0,7.0,0.0,1.0,0.0,6.0,1.0,0.0,0.0,200.0
650,0.0,48.08,3.75,0.0,0.0,3.0,2.0,1.0,1.0,1.0,0.0,1.0,0.0,100.0,2.0
651,1.0,15.83,7.625,0.0,0.0,8.0,0.0,0.125,1.0,0.0,1.0,0.0,0.0,0.0,160.0
652,1.0,22.5,0.415,0.0,0.0,3.0,0.0,0.335,1.0,1.0,0.0,0.0,2.0,144.0,0.0
653,0.0,21.5,11.5,0.0,0.0,3.0,0.0,0.5,0.0,1.0,0.0,0.0,0.0,100.0,68.0
654,1.0,23.58,0.83,0.0,0.0,8.0,0.0,0.415,1.0,0.0,1.0,0.0,0.0,200.0,11.0
655,1.0,21.08,5.0,1.0,1.0,13.0,7.0,0.0,1.0,1.0,0.0,1.0,0.0,0.0,0.0
656,0.0,25.67,3.25,0.0,0.0,0.0,1.0,2.29,1.0,0.0,1.0,0.0,0.0,416.0,21.0
657,1.0,38.92,1.665,0.0,0.0,12.0,0.0,0.25,1.0,1.0,0.0,1.0,0.0,0.0,390.0
658,1.0,15.75,0.375,0.0,0.0,0.0,0.0,1.0,1.0,1.0,0.0,1.0,0.0,120.0,18.0
659,1.0,28.58,3.75,0.0,0.0,0.0,0.0,0.25,1.0,0.0,1.0,0.0,0.0,40.0,154.0
660,0.0,22.25,9.0,0.0,0.0,12.0,0.0,0.085,1.0,1.0,0.0,1.0,0.0,0.0,0.0
661,0.0,29.83,3.5,0.0,0.0,0.0,0.0,0.165,1.0,1.0,0.0,1.0,0.0,216.0,0.0
662,1.0,23.5,1.5,0.0,0.0,9.0,0.0,0.875,1.0,1.0,0.0,0.0,0.0,160.0,0.0
663,0.0,32.08,4.0,1.0,1.0,2.0,0.0,1.5,1.0,1.0,0.0,0.0,0.0,120.0,0.0
664,0.0,31.08,1.5,1.0,1.0,9.0,0.0,0.04,1.0,1.0,0.0,1.0,2.0,160.0,0.0
665,0.0,31.83,0.04,1.0,1.0,6.0,0.0,0.04,1.0,1.0,0.0,1.0,0.0,0.0,0.0
666,1.0,21.75,11.75,0.0,0.0,0.0,0.0,0.25,1.0,1.0,0.0,0.0,0.0,180.0,0.0
667,1.0,17.92,0.54,0.0,0.0,0.0,0.0,1.75,1.0,0.0,1.0,0.0,0.0,80.0,5.0
668,0.0,30.33,0.5,0.0,0.0,1.0,1.0,0.085,1.0,1.0,0.0,0.0,2.0,252.0,0.0
669,0.0,51.83,2.04,1.0,1.0,13.0,7.0,1.5,1.0,1.0,0.0,1.0,0.0,120.0,1.0
670,0.0,47.17,5.835,0.0,0.0,9.0,0.0,5.5,1.0,1.0,0.0,1.0,0.0,465.0,150.0
671,0.0,25.83,12.835,0.0,0.0,2.0,0.0,0.5,1.0,1.0,0.0,1.0,0.0,0.0,2.0
672,1.0,50.25,0.835,0.0,0.0,12.0,0.0,0.5,1.0,1.0,0.0,0.0,0.0,240.0,117.0
673,,29.5,2.0,1.0,1.0,11.0,1.0,2.0,1.0,1.0,0.0,1.0,0.0,256.0,17.0
674,1.0,37.33,2.5,0.0,0.0,3.0,1.0,0.21,1.0,1.0,0.0,1.0,0.0,260.0,246.0
675,1.0,41.58,1.04,0.0,0.0,12.0,0.0,0.665,1.0,1.0,0.0,1.0,0.0,240.0,237.0
676,1.0,30.58,10.665,0.0,0.0,8.0,1.0,0.085,1.0,0.0,12.0,0.0,0.0,129.0,3.0
677,0.0,19.42,7.25,0.0,0.0,6.0,0.0,0.04,1.0,0.0,1.0,1.0,0.0,100.0,1.0
678,1.0,17.92,10.21,0.0,0.0,13.0,7.0,0.0,1.0,1.0,0.0,1.0,0.0,0.0,50.0
679,1.0,20.08,1.25,0.0,0.0,0.0,0.0,0.0,1.0,1.0,0.0,1.0,0.0,0.0,0.0
680,0.0,19.5,0.29,0.0,0.0,5.0,0.0,0.29,1.0,1.0,0.0,1.0,0.0,280.0,364.0
681,0.0,27.83,1.0,1.0,1.0,1.0,1.0,3.0,1.0,1.0,0.0,1.0,0.0,176.0,537.0
682,0.0,17.08,3.29,0.0,0.0,3.0,0.0,0.335,1.0,1.0,0.0,0.0,0.0,140.0,2.0
683,0.0,36.42,0.75,1.0,1.0,1.0,0.0,0.585,1.0,1.0,0.0,1.0,0.0,240.0,3.0
684,0.0,40.58,3.29,0.0,0.0,6.0,0.0,3.5,1.0,1.0,0.0,0.0,2.0,400.0,0.0
685,0.0,21.08,10.085,1.0,1.0,11.0,1.0,1.25,1.0,1.0,0.0,1.0,0.0,260.0,0.0
686,1.0,22.67,0.75,0.0,0.0,0.0,0.0,2.0,1.0,0.0,2.0,0.0,0.0,200.0,394.0
687,1.0,25.25,13.5,1.0,1.0,13.0,7.0,2.0,1.0,0.0,1.0,0.0,0.0,200.0,1.0
688,0.0,17.92,0.205,0.0,0.0,12.0,0.0,0.04,1.0,1.0,0.0,1.0,0.0,280.0,750.0
689,0.0,35.0,3.375,0.0,0.0,0.0,1.0,8.29,1.0,1.0,0.0,0.0,0.0,0.0,0.0
