object,top-left-square,top-middle-square,top-right-square,middle-left-square,middle-middle-square,middle-right-square,bottom-left-square,bottom-middle-square,bottom-right-square
0,0.0,0.0,0.0,0.0,1.0,1.0,0.0,1.0,1.0
1,0.0,0.0,0.0,0.0,1.0,1.0,1.0,0.0,1.0
2,0.0,0.0,0.0,0.0,1.0,1.0,1.0,1.0,0.0
3,0.0,0.0,0.0,0.0,1.0,1.0,1.0,2.0,2.0
4,0.0,0.0,0.0,0.0,1.0,1.0,2.0,1.0,2.0
5,0.0,0.0,0.0,0.0,1.0,1.0,2.0,2.0,1.0
6,0.0,0.0,0.0,0.0,1.0,2.0,1.0,1.0,2.0
7,0.0,0.0,0.0,0.0,1.0,2.0,1.0,2.0,1.0
8,0.0,0.0,0.0,0.0,1.0,2.0,2.0,1.0,1.0
9,0.0,0.0,0.0,0.0,2.0,1.0,1.0,1.0,2.0
10,0.0,0.0,0.0,0.0,2.0,1.0,1.0,2.0,1.0
11,0.0,0.0,0.0,0.0,2.0,1.0,2.0,1.0,1.0
12,0.0,0.0,0.0,1.0,0.0,1.0,0.0,1.0,1.0
13,0.0,0.0,0.0,1.0,0.0,1.0,1.0,0.0,1.0
14,0.0,0.0,0.0,1.0,0.0,1.0,1.0,1.0,0.0
15,0.0,0.0,0.0,1.0,0.0,1.0,1.0,2.0,2.0
16,0.0,0.0,0.0,1.0,0.0,1.0,2.0,1.0,2.0
17,0.0,0.0,0.0,1.0,0.0,1.0,2.0,2.0,1.0
18,0.0,0.0,0.0,1.0,0.0,2.0,1.0,1.0,2.0
19,0.0,0.0,0.0,1.0,0.0,2.0,1.0,2.0,1.0
20,0.0,0.0,0.0,1.0,0.0,2.0,2.0,1.0,1.0
21,0.0,0.0,0.0,1.0,1.0,0.0,0.0,1.0,1.0
22,0.0,0.0,0.0,1.0,1.0,0.0,1.0,0.0,1.0
23,0.0,0.0,0.0,1.0,1.0,0.0,1.0,1.0,0.0
24,0.0,0.0,0.0,1.0,1.0,0.0,1.0,2.0,2.0
25,0.0,0.0,0.0,1.0,1.0,0.0,2.0,1.0,2.0
26,0.0,0.0,0.0,1.0,1.0,0.0,2.0,2.0,1.0
27,0.0,0.0,0.0,1.0,1.0,2.0,0.0,1.0,2.0
28,0.0,0.0,0.0,1.0,1.0,2.0,0.0,2.0,1.0
29,0.0,0.0,0.0,1.0,1.0,2.0,1.0,0.0,2.0
30,0.0,0.0,0.0,1.0,1.0,2.0,1.0,2.0,0.0
31,0.0,0.0,0.0,1.0,1.0,2.0,2.0,0.0,1.0
32,0.0,0.0,0.0,1.0,1.0,2.0,2.0,1.0,0.0
33,0.0,0.0,0.0,1.0,1.0,2.0,2.0,2.0,2.0
34,0.0,0.0,0.0,1.0,2.0,0.0,1.0,1.0,2.0
35,0.0,0.0,0.0,1.0,2.0,0.0,1.0,2.0,1.0
36,0.0,0.0,0.0,1.0,2.0,0.0,2.0,1.0,1.0
37,0.0,0.0,0.0,1.0,2.0,1.0,0.0,1.0,2.0
38,0.0,0.0,0.0,1.0,2.0,1.0,0.0,2.0,1.0
39,0.0,0.0,0.0,1.0,2.0,1.0,1.0,0.0,2.0
40,0.0,0.0,0.0,1.0,2.0,1.0,1.0,2.0,0.0
41,0.0,0.0,0.0,1.0,2.0,1.0,2.0,0.0,1.0
42,0.0,0.0,0.0,1.0,2.0,1.0,2.0,1.0,0.0
43,0.0,0.0,0.0,1.0,2.0,1.0,2.0,2.0,2.0
44,0.0,0.0,0.0,1.0,2.0,2.0,0.0,1.0,1.0
45,0.0,0.0,0.0,1.0,2.0,2.0,1.0,0.0,1.0
46,0.0,0.0,0.0,1.0,2.0,2.0,1.0,1.0,0.0
47,0.0,0.0,0.0,1.0,2.0,2.0,1.0,2.0,2.0
48,0.0,0.0,0.0,1.0,2.0,2.0,2.0,1.0,2.0
49,0.0,0.0,0.0,1.0,2.0,2.0,2.0,2.0,1.0
50,0.0,0.0,0.0,2.0,0.0,1.0,1.0,1.0,2.0
51,0.0,0.0,0.0,2.0,0.0,1.0,1.0,2.0,1.0
52,0.0,0.0,0.0,2.0,0.0,1.0,2.0,1.0,1.0
53,0.0,0.0,0.0,2.0,1.0,0.0,1.0,1.0,2.0
54,0.0,0.0,0.0,2.0,1.0,0.0,1.0,2.0,1.0
55,0.0,0.0,0.0,2.0,1.0,0.0,2.0,1.0,1.0
56,0.0,0.0,0.0,2.0,1.0,1.0,0.0,1.0,2.0
57,0.0,0.0,0.0,2.0,1.0,1.0,0.0,2.0,1.0
58,0.0,0.0,0.0,2.0,1.0,1.0,1.0,0.0,2.0
59,0.0,0.0,0.0,2.0,1.0,1.0,1.0,2.0,0.0
60,0.0,0.0,0.0,2.0,1.0,1.0,2.0,0.0,1.0
61,0.0,0.0,0.0,2.0,1.0,1.0,2.0,1.0,0.0
62,0.0,0.0,0.0,2.0,1.0,1.0,2.0,2.0,2.0
63,0.0,0.0,0.0,2.0,1.0,2.0,0.0,1.0,1.0
64,0.0,0.0,0.0,2.0,1.0,2.0,1.0,0.0,1.0
65,0.0,0.0,0.0,2.0,1.0,2.0,1.0,1.0,0.0
66,0.0,0.0,0.0,2.0,1.0,2.0,1.0,2.0,2.0
67,0.0,0.0,0.0,2.0,1.0,2.0,2.0,1.0,2.0
68,0.0,0.0,0.0,2.0,1.0,2.0,2.0,2.0,1.0
69,0.0,0.0,0.0,2.0,2.0,1.0,0.0,1.0,1.0
70,0.0,0.0,0.0,2.0,2.0,1.0,1.0,0.0,1.0
71,0.0,0.0,0.0,2.0,2.0,1.0,1.0,1.0,0.0
72,0.0,0.0,0.0,2.0,2.0,1.0,1.0,2.0,2.0
73,0.0,0.0,0.0,2.0,2.0,1.0,2.0,1.0,2.0
74,0.0,0.0,0.0,2.0,2.0,1.0,2.0,2.0,1.0
75,0.0,0.0,0.0,2.0,2.0,2.0,1.0,1.0,2.0
76,0.0,0.0,0.0,2.0,2.0,2.0,1.0,2.0,1.0
77,0.0,0.0,0.0,2.0,2.0,2.0,2.0,1.0,1.0
78,0.0,0.0,1.0,0.0,0.0,1.0,1.0,1.0,0.0
79,0.0,0.0,1.0,0.0,1.0,0.0,0.0,1.0,1.0
80,0.0,0.0,1.0,0.0,1.0,1.0,0.0,1.0,0.0
81,0.0,0.0,1.0,0.0,1.0,1.0,0.0,2.0,2.0
82,0.0,0.0,1.0,0.0,1.0,2.0,0.0,1.0,2.0
83,0.0,0.0,1.0,0.0,1.0,2.0,0.0,2.0,1.0
84,0.0,0.0,1.0,0.0,2.0,1.0,0.0,1.0,2.0
85,0.0,0.0,1.0,0.0,2.0,2.0,0.0,1.0,1.0
86,0.0,0.0,1.0,1.0,0.0,0.0,1.0,0.0,1.0
87,0.0,0.0,1.0,1.0,0.0,0.0,1.0,1.0,0.0
88,0.0,0.0,1.0,1.0,0.0,1.0,0.0,1.0,0.0
89,0.0,0.0,1.0,1.0,0.0,1.0,1.0,0.0,0.0
90,0.0,0.0,1.0,1.0,0.0,1.0,2.0,0.0,2.0
91,0.0,0.0,1.0,1.0,0.0,1.0,2.0,2.0,0.0
92,0.0,0.0,1.0,1.0,0.0,2.0,1.0,0.0,2.0
93,0.0,0.0,1.0,1.0,0.0,2.0,1.0,2.0,0.0
94,0.0,0.0,1.0,1.0,0.0,2.0,2.0,0.0,1.0
95,0.0,0.0,1.0,1.0,0.0,2.0,2.0,1.0,0.0
96,0.0,0.0,1.0,2.0,0.0,1.0,1.0,0.0,2.0
97,0.0,0.0,1.0,2.0,0.0,1.0,1.0,2.0,0.0
98,0.0,0.0,1.0,2.0,0.0,1.0,2.0,1.0,0.0
99,0.0,0.0,1.0,2.0,0.0,2.0,1.0,0.0,1.0
100,0.0,0.0,1.0,2.0,0.0,2.0,1.0,1.0,0.0
101,0.0,0.0,2.0,0.0,1.0,1.0,0.0,1.0,2.0
102,0.0,0.0,2.0,0.0,1.0,1.0,0.0,2.0,1.0
103,0.0,0.0,2.0,0.0,1.0,2.0,0.0,1.0,1.0
104,0.0,0.0,2.0,0.0,2.0,1.0,0.0,1.0,1.0
105,0.0,0.0,2.0,1.0,0.0,1.0,1.0,0.0,2.0
106,0.0,0.0,2.0,1.0,0.0,1.0,1.0,2.0,0.0
107,0.0,0.0,2.0,1.0,0.0,1.0,2.0,0.0,1.0
108,0.0,0.0,2.0,1.0,0.0,1.0,2.0,1.0,0.0
109,0.0,0.0,2.0,1.0,0.0,2.0,1.0,0.0,1.0
110,0.0,0.0,2.0,1.0,0.0,2.0,1.0,1.0,0.0
111,0.0,0.0,2.0,2.0,0.0,1.0,1.0,0.0,1.0
112,0.0,0.0,2.0,2.0,0.0,1.0,1.0,1.0,0.0
113,0.0,1.0,0.0,0.0,0.0,1.0,0.0,1.0,1.0
114,0.0,1.0,0.0,0.0,0.0,1.0,1.0,1.0,0.0
115,0.0,1.0,0.0,0.0,1.0,1.0,0.0,0.0,1.0
116,0.0,1.0,0.0,0.0,1.0,1.0,0.0,2.0,2.0
117,0.0,1.0,0.0,0.0,1.0,2.0,0.0,2.0,1.0
118,0.0,1.0,0.0,0.0,2.0,1.0,0.0,1.0,2.0
119,0.0,1.0,0.0,0.0,2.0,1.0,0.0,2.0,1.0
120,0.0,1.0,0.0,0.0,2.0,2.0,0.0,1.0,1.0
121,0.0,1.0,0.0,1.0,0.0,0.0,0.0,1.0,1.0
122,0.0,1.0,0.0,1.0,0.0,0.0,1.0,1.0,0.0
123,0.0,1.0,0.0,1.0,0.0,1.0,0.0,0.0,1.0
124,0.0,1.0,0.0,1.0,0.0,1.0,0.0,1.0,0.0
125,0.0,1.0,0.0,1.0,0.0,1.0,0.0,2.0,2.0
126,0.0,1.0,0.0,1.0,0.0,1.0,1.0,0.0,0.0
127,0.0,1.0,0.0,1.0,0.0,1.0,2.0,2.0,0.0
128,0.0,1.0,0.0,1.0,0.0,2.0,0.0,1.0,2.0
129,0.0,1.0,0.0,1.0,0.0,2.0,0.0,2.0,1.0
130,0.0,1.0,0.0,1.0,0.0,2.0,1.0,2.0,0.0
131,0.0,1.0,0.0,1.0,0.0,2.0,2.0,1.0,0.0
132,0.0,1.0,0.0,1.0,1.0,0.0,1.0,0.0,0.0
133,0.0,1.0,0.0,1.0,1.0,0.0,2.0,2.0,0.0
134,0.0,1.0,0.0,1.0,2.0,0.0,1.0,2.0,0.0
135,0.0,1.0,0.0,1.0,2.0,0.0,2.0,1.0,0.0
136,0.0,1.0,0.0,2.0,0.0,1.0,0.0,1.0,2.0
137,0.0,1.0,0.0,2.0,0.0,1.0,0.0,2.0,1.0
138,0.0,1.0,0.0,2.0,0.0,1.0,1.0,2.0,0.0
139,0.0,1.0,0.0,2.0,0.0,1.0,2.0,1.0,0.0
140,0.0,1.0,0.0,2.0,0.0,2.0,0.0,1.0,1.0
141,0.0,1.0,0.0,2.0,0.0,2.0,1.0,1.0,0.0
142,0.0,1.0,0.0,2.0,1.0,0.0,1.0,2.0,0.0
143,0.0,1.0,0.0,2.0,2.0,0.0,1.0,1.0,0.0
144,0.0,1.0,1.0,0.0,0.0,0.0,0.0,1.0,1.0
145,0.0,1.0,1.0,0.0,0.0,0.0,1.0,0.0,1.0
146,0.0,1.0,1.0,0.0,0.0,0.0,1.0,1.0,0.0
147,0.0,1.0,1.0,0.0,0.0,0.0,1.0,2.0,2.0
148,0.0,1.0,1.0,0.0,0.0,0.0,2.0,1.0,2.0
149,0.0,1.0,1.0,0.0,0.0,0.0,2.0,2.0,1.0
150,0.0,1.0,1.0,0.0,0.0,1.0,0.0,1.0,0.0
151,0.0,1.0,1.0,0.0,0.0,1.0,0.0,2.0,2.0
152,0.0,1.0,1.0,0.0,0.0,1.0,1.0,0.0,0.0
153,0.0,1.0,1.0,0.0,0.0,1.0,2.0,2.0,0.0
154,0.0,1.0,1.0,0.0,0.0,2.0,0.0,1.0,2.0
155,0.0,1.0,1.0,0.0,0.0,2.0,0.0,2.0,1.0
156,0.0,1.0,1.0,0.0,0.0,2.0,1.0,2.0,0.0
157,0.0,1.0,1.0,0.0,0.0,2.0,2.0,1.0,0.0
158,0.0,1.0,1.0,0.0,1.0,0.0,0.0,0.0,1.0
159,0.0,1.0,1.0,0.0,1.0,0.0,0.0,2.0,2.0
160,0.0,1.0,1.0,0.0,1.0,1.0,0.0,0.0,0.0
161,0.0,1.0,1.0,0.0,1.0,2.0,0.0,0.0,2.0
162,0.0,1.0,1.0,0.0,1.0,2.0,0.0,2.0,0.0
163,0.0,1.0,1.0,0.0,2.0,0.0,0.0,1.0,2.0
164,0.0,1.0,1.0,0.0,2.0,0.0,0.0,2.0,1.0
165,0.0,1.0,1.0,0.0,2.0,1.0,0.0,0.0,2.0
166,0.0,1.0,1.0,0.0,2.0,1.0,0.0,2.0,0.0
167,0.0,1.0,1.0,0.0,2.0,2.0,0.0,0.0,1.0
168,0.0,1.0,1.0,0.0,2.0,2.0,0.0,1.0,0.0
169,0.0,1.0,1.0,0.0,2.0,2.0,0.0,2.0,2.0
170,0.0,1.0,1.0,1.0,0.0,0.0,0.0,1.0,0.0
171,0.0,1.0,1.0,1.0,0.0,0.0,1.0,0.0,0.0
172,0.0,1.0,1.0,1.0,0.0,0.0,2.0,2.0,0.0
173,0.0,1.0,1.0,1.0,0.0,1.0,0.0,0.0,0.0
174,0.0,1.0,1.0,1.0,0.0,2.0,0.0,2.0,0.0
175,0.0,1.0,1.0,1.0,0.0,2.0,2.0,0.0,0.0
176,0.0,1.0,1.0,1.0,1.0,0.0,0.0,0.0,0.0
177,0.0,1.0,1.0,1.0,2.0,2.0,0.0,0.0,0.0
178,0.0,1.0,1.0,2.0,0.0,0.0,1.0,2.0,0.0
179,0.0,1.0,1.0,2.0,0.0,0.0,2.0,1.0,0.0
180,0.0,1.0,1.0,2.0,0.0,1.0,0.0,2.0,0.0
181,0.0,1.0,1.0,2.0,0.0,1.0,2.0,0.0,0.0
182,0.0,1.0,1.0,2.0,0.0,2.0,0.0,1.0,0.0
183,0.0,1.0,1.0,2.0,0.0,2.0,1.0,0.0,0.0
184,0.0,1.0,1.0,2.0,0.0,2.0,2.0,2.0,0.0
185,0.0,1.0,1.0,2.0,1.0,2.0,0.0,0.0,0.0
186,0.0,1.0,1.0,2.0,2.0,1.0,0.0,0.0,0.0
187,0.0,1.0,2.0,0.0,0.0,0.0,1.0,1.0,2.0
188,0.0,1.0,2.0,0.0,0.0,0.0,1.0,2.0,1.0
189,0.0,1.0,2.0,0.0,0.0,0.0,2.0,1.0,1.0
190,0.0,1.0,2.0,0.0,0.0,1.0,0.0,1.0,2.0
191,0.0,1.0,2.0,0.0,0.0,1.0,0.0,2.0,1.0
192,0.0,1.0,2.0,0.0,0.0,1.0,1.0,2.0,0.0
193,0.0,1.0,2.0,0.0,0.0,1.0,2.0,1.0,0.0
194,0.0,1.0,2.0,0.0,0.0,2.0,0.0,1.0,1.0
195,0.0,1.0,2.0,0.0,0.0,2.0,1.0,1.0,0.0
196,0.0,1.0,2.0,0.0,1.0,0.0,0.0,2.0,1.0
197,0.0,1.0,2.0,0.0,1.0,1.0,0.0,0.0,2.0
198,0.0,1.0,2.0,0.0,1.0,1.0,0.0,2.0,0.0
199,0.0,1.0,2.0,0.0,1.0,2.0,0.0,0.0,1.0
200,0.0,1.0,2.0,0.0,1.0,2.0,0.0,2.0,2.0
201,0.0,1.0,2.0,0.0,2.0,0.0,0.0,1.0,1.0
202,0.0,1.0,2.0,0.0,2.0,1.0,0.0,0.0,1.0
203,0.0,1.0,2.0,0.0,2.0,1.0,0.0,1.0,0.0
204,0.0,1.0,2.0,0.0,2.0,1.0,0.0,2.0,2.0
205,0.0,1.0,2.0,0.0,2.0,2.0,0.0,1.0,2.0
206,0.0,1.0,2.0,0.0,2.0,2.0,0.0,2.0,1.0
207,0.0,1.0,2.0,1.0,0.0,0.0,1.0,2.0,0.0
208,0.0,1.0,2.0,1.0,0.0,0.0,2.0,1.0,0.0
209,0.0,1.0,2.0,1.0,0.0,1.0,0.0,2.0,0.0
210,0.0,1.0,2.0,1.0,0.0,1.0,2.0,0.0,0.0
211,0.0,1.0,2.0,1.0,0.0,2.0,0.0,1.0,0.0
212,0.0,1.0,2.0,1.0,0.0,2.0,1.0,0.0,0.0
213,0.0,1.0,2.0,1.0,0.0,2.0,2.0,2.0,0.0
214,0.0,1.0,2.0,1.0,1.0,2.0,0.0,0.0,0.0
215,0.0,1.0,2.0,1.0,2.0,1.0,0.0,0.0,0.0
216,0.0,1.0,2.0,2.0,0.0,0.0,1.0,1.0,0.0
217,0.0,1.0,2.0,2.0,0.0,1.0,0.0,1.0,0.0
218,0.0,1.0,2.0,2.0,0.0,1.0,1.0,0.0,0.0
219,0.0,1.0,2.0,2.0,0.0,1.0,2.0,2.0,0.0
220,0.0,1.0,2.0,2.0,0.0,2.0,1.0,2.0,0.0
221,0.0,1.0,2.0,2.0,0.0,2.0,2.0,1.0,0.0
222,0.0,1.0,2.0,2.0,1.0,1.0,0.0,0.0,0.0
223,0.0,2.0,0.0,0.0,1.0,1.0,0.0,1.0,2.0
224,0.0,2.0,0.0,0.0,1.0,1.0,0.0,2.0,1.0
225,0.0,2.0,0.0,0.0,1.0,2.0,0.0,1.0,1.0
226,0.0,2.0,0.0,0.0,2.0,1.0,0.0,1.0,1.0
227,0.0,2.0,0.0,1.0,0.0,1.0,0.0,1.0,2.0
228,0.0,2.0,0.0,1.0,0.0,1.0,0.0,2.0,1.0
229,0.0,2.0,0.0,1.0,0.0,1.0,1.0,2.0,0.0
230,0.0,2.0,0.0,1.0,0.0,1.0,2.0,1.0,0.0
231,0.0,2.0,0.0,1.0,0.0,2.0,0.0,1.0,1.0
232,0.0,2.0,0.0,1.0,0.0,2.0,1.0,1.0,0.0
233,0.0,2.0,0.0,1.0,1.0,0.0,1.0,2.0,0.0
234,0.0,2.0,0.0,1.0,1.0,0.0,2.0,1.0,0.0
235,0.0,2.0,0.0,1.0,2.0,0.0,1.0,1.0,0.0
236,0.0,2.0,0.0,2.0,0.0,1.0,0.0,1.0,1.0
237,0.0,2.0,0.0,2.0,0.0,1.0,1.0,1.0,0.0
238,0.0,2.0,0.0,2.0,1.0,0.0,1.0,1.0,0.0
239,0.0,2.0,1.0,0.0,0.0,0.0,1.0,1.0,2.0
240,0.0,2.0,1.0,0.0,0.0,0.0,1.0,2.0,1.0
241,0.0,2.0,1.0,0.0,0.0,0.0,2.0,1.0,1.0
242,0.0,2.0,1.0,0.0,0.0,1.0,0.0,1.0,2.0
243,0.0,2.0,1.0,0.0,0.0,1.0,1.0,2.0,0.0
244,0.0,2.0,1.0,0.0,0.0,1.0,2.0,1.0,0.0
245,0.0,2.0,1.0,0.0,0.0,2.0,0.0,1.0,1.0
246,0.0,2.0,1.0,0.0,0.0,2.0,1.0,1.0,0.0
247,0.0,2.0,1.0,0.0,1.0,0.0,0.0,1.0,2.0
248,0.0,2.0,1.0,0.0,1.0,0.0,0.0,2.0,1.0
249,0.0,2.0,1.0,0.0,1.0,1.0,0.0,0.0,2.0
250,0.0,2.0,1.0,0.0,1.0,1.0,0.0,2.0,0.0
251,0.0,2.0,1.0,0.0,1.0,2.0,0.0,0.0,1.0
252,0.0,2.0,1.0,0.0,1.0,2.0,0.0,1.0,0.0
253,0.0,2.0,1.0,0.0,1.0,2.0,0.0,2.0,2.0
254,0.0,2.0,1.0,0.0,2.0,0.0,0.0,1.0,1.0
255,0.0,2.0,1.0,0.0,2.0,1.0,0.0,1.0,0.0
256,0.0,2.0,1.0,0.0,2.0,1.0,0.0,2.0,2.0
257,0.0,2.0,1.0,0.0,2.0,2.0,0.0,1.0,2.0
258,0.0,2.0,1.0,0.0,2.0,2.0,0.0,2.0,1.0
259,0.0,2.0,1.0,1.0,0.0,0.0,1.0,2.0,0.0
260,0.0,2.0,1.0,1.0,0.0,0.0,2.0,1.0,0.0
261,0.0,2.0,1.0,1.0,0.0,1.0,0.0,2.0,0.0
262,0.0,2.0,1.0,1.0,0.0,1.0,2.0,0.0,0.0
263,0.0,2.0,1.0,1.0,0.0,2.0,0.0,1.0,0.0
264,0.0,2.0,1.0,1.0,0.0,2.0,1.0,0.0,0.0
265,0.0,2.0,1.0,1.0,0.0,2.0,2.0,2.0,0.0
266,0.0,2.0,1.0,1.0,1.0,2.0,0.0,0.0,0.0
267,0.0,2.0,1.0,1.0,2.0,1.0,0.0,0.0,0.0
268,0.0,2.0,1.0,2.0,0.0,0.0,1.0,1.0,0.0
269,0.0,2.0,1.0,2.0,0.0,1.0,0.0,1.0,0.0
270,0.0,2.0,1.0,2.0,0.0,1.0,1.0,0.0,0.0
271,0.0,2.0,1.0,2.0,0.0,1.0,2.0,2.0,0.0
272,0.0,2.0,1.0,2.0,0.0,2.0,1.0,2.0,0.0
273,0.0,2.0,1.0,2.0,0.0,2.0,2.0,1.0,0.0
274,0.0,2.0,1.0,2.0,1.0,1.0,0.0,0.0,0.0
275,0.0,2.0,2.0,0.0,0.0,1.0,0.0,1.0,1.0
276,0.0,2.0,2.0,0.0,0.0,1.0,1.0,1.0,0.0
277,0.0,2.0,2.0,0.0,1.0,0.0,0.0,1.0,1.0
278,0.0,2.0,2.0,0.0,1.0,1.0,0.0,0.0,1.0
279,0.0,2.0,2.0,0.0,1.0,1.0,0.0,1.0,0.0
280,0.0,2.0,2.0,0.0,1.0,1.0,0.0,2.0,2.0
281,0.0,2.0,2.0,0.0,1.0,2.0,0.0,1.0,2.0
282,0.0,2.0,2.0,0.0,1.0,2.0,0.0,2.0,1.0
283,0.0,2.0,2.0,0.0,2.0,1.0,0.0,1.0,2.0
284,0.0,2.0,2.0,0.0,2.0,1.0,0.0,2.0,1.0
285,0.0,2.0,2.0,0.0,2.0,2.0,0.0,1.0,1.0
286,0.0,2.0,2.0,1.0,0.0,0.0,1.0,1.0,0.0
287,0.0,2.0,2.0,1.0,0.0,1.0,0.0,1.0,0.0
288,0.0,2.0,2.0,1.0,0.0,1.0,1.0,0.0,0.0
289,0.0,2.0,2.0,1.0,0.0,1.0,2.0,2.0,0.0
290,0.0,2.0,2.0,1.0,0.0,2.0,1.0,2.0,0.0
291,0.0,2.0,2.0,1.0,0.0,2.0,2.0,1.0,0.0
292,0.0,2.0,2.0,2.0,0.0,1.0,1.0,2.0,0.0
293,0.0,2.0,2.0,2.0,0.0,1.0,2.0,1.0,0.0
294,0.0,2.0,2.0,2.0,0.0,2.0,1.0,1.0,0.0
295,1.0,0.0,0.0,0.0,0.0,1.0,0.0,1.0,1.0
296,1.0,0.0,0.0,0.0,0.0,1.0,1.0,0.0,1.0
297,1.0,0.0,0.0,0.0,1.0,0.0,1.0,1.0,0.0
298,1.0,0.0,0.0,1.0,0.0,0.0,0.0,1.0,1.0
299,1.0,0.0,0.0,1.0,0.0,1.0,0.0,0.0,1.0
300,1.0,0.0,0.0,1.0,0.0,1.0,0.0,1.0,0.0
301,1.0,0.0,0.0,1.0,0.0,1.0,0.0,2.0,2.0
302,1.0,0.0,0.0,1.0,0.0,1.0,2.0,0.0,2.0
303,1.0,0.0,0.0,1.0,0.0,2.0,0.0,1.0,2.0
304,1.0,0.0,0.0,1.0,0.0,2.0,0.0,2.0,1.0
305,1.0,0.0,0.0,1.0,0.0,2.0,2.0,0.0,1.0
306,1.0,0.0,0.0,1.0,1.0,0.0,0.0,1.0,0.0
307,1.0,0.0,0.0,1.0,1.0,0.0,2.0,2.0,0.0
308,1.0,0.0,0.0,1.0,2.0,0.0,2.0,1.0,0.0
309,1.0,0.0,0.0,2.0,0.0,1.0,0.0,1.0,2.0
310,1.0,0.0,0.0,2.0,0.0,1.0,0.0,2.0,1.0
311,1.0,0.0,0.0,2.0,0.0,1.0,1.0,0.0,2.0
312,1.0,0.0,0.0,2.0,0.0,1.0,2.0,0.0,1.0
313,1.0,0.0,0.0,2.0,0.0,2.0,0.0,1.0,1.0
314,1.0,0.0,0.0,2.0,0.0,2.0,1.0,0.0,1.0
315,1.0,0.0,0.0,2.0,1.0,0.0,1.0,2.0,0.0
316,1.0,0.0,0.0,2.0,1.0,0.0,2.0,1.0,0.0
317,1.0,0.0,0.0,2.0,2.0,0.0,1.0,1.0,0.0
318,1.0,0.0,1.0,0.0,0.0,0.0,0.0,1.0,1.0
319,1.0,0.0,1.0,0.0,0.0,0.0,1.0,0.0,1.0
320,1.0,0.0,1.0,0.0,0.0,0.0,1.0,1.0,0.0
321,1.0,0.0,1.0,0.0,0.0,0.0,1.0,2.0,2.0
322,1.0,0.0,1.0,0.0,0.0,0.0,2.0,1.0,2.0
323,1.0,0.0,1.0,0.0,0.0,0.0,2.0,2.0,1.0
324,1.0,0.0,1.0,0.0,0.0,1.0,1.0,0.0,0.0
325,1.0,0.0,1.0,0.0,0.0,1.0,2.0,0.0,2.0
326,1.0,0.0,1.0,0.0,0.0,2.0,1.0,0.0,2.0
327,1.0,0.0,1.0,0.0,0.0,2.0,2.0,0.0,1.0
328,1.0,0.0,1.0,0.0,1.0,1.0,0.0,0.0,0.0
329,1.0,0.0,1.0,1.0,0.0,0.0,0.0,0.0,1.0
330,1.0,0.0,1.0,1.0,0.0,0.0,2.0,0.0,2.0
331,1.0,0.0,1.0,1.0,0.0,1.0,0.0,0.0,0.0
332,1.0,0.0,1.0,1.0,0.0,2.0,0.0,0.0,2.0
333,1.0,0.0,1.0,1.0,0.0,2.0,2.0,0.0,0.0
334,1.0,0.0,1.0,1.0,1.0,0.0,0.0,0.0,0.0
335,1.0,0.0,1.0,1.0,2.0,2.0,0.0,0.0,0.0
336,1.0,0.0,1.0,2.0,0.0,0.0,1.0,0.0,2.0
337,1.0,0.0,1.0,2.0,0.0,0.0,2.0,0.0,1.0
338,1.0,0.0,1.0,2.0,0.0,1.0,0.0,0.0,2.0
339,1.0,0.0,1.0,2.0,0.0,1.0,2.0,0.0,0.0
340,1.0,0.0,1.0,2.0,0.0,2.0,0.0,0.0,1.0
341,1.0,0.0,1.0,2.0,0.0,2.0,1.0,0.0,0.0
342,1.0,0.0,1.0,2.0,0.0,2.0,2.0,0.0,2.0
343,1.0,0.0,1.0,2.0,1.0,2.0,0.0,0.0,0.0
344,1.0,0.0,1.0,2.0,2.0,1.0,0.0,0.0,0.0
345,1.0,0.0,2.0,0.0,0.0,0.0,1.0,1.0,2.0
346,1.0,0.0,2.0,0.0,0.0,0.0,1.0,2.0,1.0
347,1.0,0.0,2.0,0.0,0.0,0.0,2.0,1.0,1.0
348,1.0,0.0,2.0,0.0,0.0,1.0,1.0,0.0,2.0
349,1.0,0.0,2.0,0.0,0.0,1.0,2.0,0.0,1.0
350,1.0,0.0,2.0,0.0,0.0,2.0,1.0,0.0,1.0
351,1.0,0.0,2.0,1.0,0.0,0.0,2.0,0.0,1.0
352,1.0,0.0,2.0,1.0,0.0,1.0,0.0,0.0,2.0
353,1.0,0.0,2.0,1.0,0.0,1.0,2.0,0.0,0.0
354,1.0,0.0,2.0,1.0,0.0,2.0,0.0,0.0,1.0
355,1.0,0.0,2.0,1.0,0.0,2.0,2.0,0.0,2.0
356,1.0,0.0,2.0,1.0,1.0,2.0,0.0,0.0,0.0
357,1.0,0.0,2.0,1.0,2.0,1.0,0.0,0.0,0.0
358,1.0,0.0,2.0,2.0,0.0,0.0,1.0,0.0,1.0
359,1.0,0.0,2.0,2.0,0.0,1.0,0.0,0.0,1.0
360,1.0,0.0,2.0,2.0,0.0,1.0,1.0,0.0,0.0
361,1.0,0.0,2.0,2.0,0.0,1.0,2.0,0.0,2.0
362,1.0,0.0,2.0,2.0,0.0,2.0,1.0,0.0,2.0
363,1.0,0.0,2.0,2.0,0.0,2.0,2.0,0.0,1.0
364,1.0,0.0,2.0,2.0,1.0,1.0,0.0,0.0,0.0
365,1.0,1.0,0.0,0.0,0.0,0.0,0.0,1.0,1.0
366,1.0,1.0,0.0,0.0,0.0,0.0,1.0,0.0,1.0
367,1.0,1.0,0.0,0.0,0.0,0.0,1.0,1.0,0.0
368,1.0,1.0,0.0,0.0,0.0,0.0,1.0,2.0,2.0
369,1.0,1.0,0.0,0.0,0.0,0.0,2.0,1.0,2.0
370,1.0,1.0,0.0,0.0,0.0,0.0,2.0,2.0,1.0
371,1.0,1.0,0.0,0.0,0.0,1.0,0.0,0.0,1.0
372,1.0,1.0,0.0,0.0,0.0,1.0,0.0,1.0,0.0
373,1.0,1.0,0.0,0.0,0.0,1.0,0.0,2.0,2.0
374,1.0,1.0,0.0,0.0,0.0,2.0,0.0,1.0,2.0
375,1.0,1.0,0.0,0.0,0.0,2.0,0.0,2.0,1.0
376,1.0,1.0,0.0,0.0,1.0,0.0,1.0,0.0,0.0
377,1.0,1.0,0.0,0.0,1.0,0.0,2.0,2.0,0.0
378,1.0,1.0,0.0,0.0,1.0,1.0,0.0,0.0,0.0
379,1.0,1.0,0.0,0.0,2.0,0.0,1.0,2.0,0.0
380,1.0,1.0,0.0,0.0,2.0,0.0,2.0,1.0,0.0
381,1.0,1.0,0.0,1.0,0.0,0.0,0.0,0.0,1.0
382,1.0,1.0,0.0,1.0,0.0,0.0,0.0,1.0,0.0
383,1.0,1.0,0.0,1.0,0.0,0.0,0.0,2.0,2.0
384,1.0,1.0,0.0,1.0,0.0,0.0,2.0,2.0,0.0
385,1.0,1.0,0.0,1.0,0.0,1.0,0.0,0.0,0.0
386,1.0,1.0,0.0,1.0,0.0,2.0,0.0,0.0,2.0
387,1.0,1.0,0.0,1.0,0.0,2.0,0.0,2.0,0.0
388,1.0,1.0,0.0,1.0,1.0,0.0,0.0,0.0,0.0
389,1.0,1.0,0.0,1.0,2.0,0.0,0.0,2.0,0.0
390,1.0,1.0,0.0,1.0,2.0,0.0,2.0,0.0,0.0
391,1.0,1.0,0.0,1.0,2.0,2.0,0.0,0.0,0.0
392,1.0,1.0,0.0,2.0,0.0,0.0,0.0,1.0,2.0
393,1.0,1.0,0.0,2.0,0.0,0.0,0.0,2.0,1.0
394,1.0,1.0,0.0,2.0,0.0,0.0,1.0,2.0,0.0
395,1.0,1.0,0.0,2.0,0.0,0.0,2.0,1.0,0.0
396,1.0,1.0,0.0,2.0,0.0,1.0,0.0,0.0,2.0
397,1.0,1.0,0.0,2.0,0.0,1.0,0.0,2.0,0.0
398,1.0,1.0,0.0,2.0,0.0,2.0,0.0,0.0,1.0
399,1.0,1.0,0.0,2.0,0.0,2.0,0.0,1.0,0.0
400,1.0,1.0,0.0,2.0,0.0,2.0,0.0,2.0,2.0
401,1.0,1.0,0.0,2.0,1.0,0.0,0.0,2.0,0.0
402,1.0,1.0,0.0,2.0,1.0,0.0,2.0,0.0,0.0
403,1.0,1.0,0.0,2.0,1.0,2.0,0.0,0.0,0.0
404,1.0,1.0,0.0,2.0,2.0,0.0,0.0,1.0,0.0
405,1.0,1.0,0.0,2.0,2.0,0.0,1.0,0.0,0.0
406,1.0,1.0,0.0,2.0,2.0,0.0,2.0,2.0,0.0
407,1.0,1.0,0.0,2.0,2.0,1.0,0.0,0.0,0.0
408,1.0,1.0,2.0,0.0,0.0,0.0,0.0,1.0,2.0
409,1.0,1.0,2.0,0.0,0.0,0.0,0.0,2.0,1.0
410,1.0,1.0,2.0,0.0,0.0,0.0,1.0,0.0,2.0
411,1.0,1.0,2.0,0.0,0.0,0.0,1.0,2.0,0.0
412,1.0,1.0,2.0,0.0,0.0,0.0,2.0,0.0,1.0
413,1.0,1.0,2.0,0.0,0.0,0.0,2.0,1.0,0.0
414,1.0,1.0,2.0,0.0,0.0,0.0,2.0,2.0,2.0
415,1.0,1.0,2.0,0.0,1.0,2.0,0.0,0.0,0.0
416,1.0,1.0,2.0,0.0,2.0,1.0,0.0,0.0,0.0
417,1.0,1.0,2.0,1.0,0.0,2.0,0.0,0.0,0.0
418,1.0,1.0,2.0,1.0,2.0,0.0,0.0,0.0,0.0
419,1.0,1.0,2.0,2.0,0.0,1.0,0.0,0.0,0.0
420,1.0,1.0,2.0,2.0,1.0,0.0,0.0,0.0,0.0
421,1.0,1.0,2.0,2.0,2.0,2.0,0.0,0.0,0.0
422,1.0,2.0,0.0,0.0,0.0,0.0,1.0,1.0,2.0
423,1.0,2.0,0.0,0.0,0.0,0.0,1.0,2.0,1.0
424,1.0,2.0,0.0,0.0,0.0,0.0,2.0,1.0,1.0
425,1.0,2.0,0.0,0.0,0.0,1.0,0.0,1.0,2.0
426,1.0,2.0,0.0,0.0,0.0,1.0,0.0,2.0,1.0
427,1.0,2.0,0.0,0.0,0.0,2.0,0.0,1.0,1.0
428,1.0,2.0,0.0,0.0,1.0,0.0,1.0,2.0,0.0
429,1.0,2.0,0.0,0.0,1.0,0.0,2.0,1.0,0.0
430,1.0,2.0,0.0,0.0,2.0,0.0,1.0,1.0,0.0
431,1.0,2.0,0.0,1.0,0.0,0.0,0.0,1.0,2.0
432,1.0,2.0,0.0,1.0,0.0,0.0,0.0,2.0,1.0
433,1.0,2.0,0.0,1.0,0.0,0.0,2.0,1.0,0.0
434,1.0,2.0,0.0,1.0,0.0,1.0,0.0,0.0,2.0
435,1.0,2.0,0.0,1.0,0.0,1.0,0.0,2.0,0.0
436,1.0,2.0,0.0,1.0,0.0,2.0,0.0,0.0,1.0
437,1.0,2.0,0.0,1.0,0.0,2.0,0.0,1.0,0.0
438,1.0,2.0,0.0,1.0,0.0,2.0,0.0,2.0,2.0
439,1.0,2.0,0.0,1.0,1.0,0.0,0.0,2.0,0.0
440,1.0,2.0,0.0,1.0,1.0,0.0,2.0,0.0,0.0
441,1.0,2.0,0.0,1.0,1.0,2.0,0.0,0.0,0.0
442,1.0,2.0,0.0,1.0,2.0,0.0,0.0,1.0,0.0
443,1.0,2.0,0.0,1.0,2.0,0.0,2.0,2.0,0.0
444,1.0,2.0,0.0,1.0,2.0,1.0,0.0,0.0,0.0
445,1.0,2.0,0.0,2.0,0.0,0.0,0.0,1.0,1.0
446,1.0,2.0,0.0,2.0,0.0,0.0,1.0,1.0,0.0
447,1.0,2.0,0.0,2.0,0.0,1.0,0.0,0.0,1.0
448,1.0,2.0,0.0,2.0,0.0,1.0,0.0,1.0,0.0
449,1.0,2.0,0.0,2.0,0.0,1.0,0.0,2.0,2.0
450,1.0,2.0,0.0,2.0,0.0,2.0,0.0,1.0,2.0
451,1.0,2.0,0.0,2.0,0.0,2.0,0.0,2.0,1.0
452,1.0,2.0,0.0,2.0,1.0,0.0,0.0,1.0,0.0
453,1.0,2.0,0.0,2.0,1.0,0.0,1.0,0.0,0.0
454,1.0,2.0,0.0,2.0,1.0,0.0,2.0,2.0,0.0
455,1.0,2.0,0.0,2.0,1.0,1.0,0.0,0.0,0.0
456,1.0,2.0,0.0,2.0,2.0,0.0,1.0,2.0,0.0
457,1.0,2.0,0.0,2.0,2.0,0.0,2.0,1.0,0.0
458,1.0,2.0,1.0,0.0,0.0,0.0,0.0,1.0,2.0
459,1.0,2.0,1.0,0.0,0.0,0.0,0.0,2.0,1.0
460,1.0,2.0,1.0,0.0,0.0,0.0,1.0,0.0,2.0
461,1.0,2.0,1.0,0.0,0.0,0.0,1.0,2.0,0.0
462,1.0,2.0,1.0,0.0,0.0,0.0,2.0,0.0,1.0
463,1.0,2.0,1.0,0.0,0.0,0.0,2.0,1.0,0.0
464,1.0,2.0,1.0,0.0,0.0,0.0,2.0,2.0,2.0
465,1.0,2.0,1.0,0.0,1.0,2.0,0.0,0.0,0.0
466,1.0,2.0,1.0,0.0,2.0,1.0,0.0,0.0,0.0
467,1.0,2.0,1.0,1.0,0.0,2.0,0.0,0.0,0.0
468,1.0,2.0,1.0,1.0,2.0,0.0,0.0,0.0,0.0
469,1.0,2.0,1.0,2.0,0.0,1.0,0.0,0.0,0.0
470,1.0,2.0,1.0,2.0,1.0,0.0,0.0,0.0,0.0
471,1.0,2.0,1.0,2.0,2.0,2.0,0.0,0.0,0.0
472,1.0,2.0,2.0,0.0,0.0,0.0,0.0,1.0,1.0
473,1.0,2.0,2.0,0.0,0.0,0.0,1.0,0.0,1.0
474,1.0,2.0,2.0,0.0,0.0,0.0,1.0,1.0,0.0
475,1.0,2.0,2.0,0.0,0.0,0.0,1.0,2.0,2.0
476,1.0,2.0,2.0,0.0,0.0,0.0,2.0,1.0,2.0
477,1.0,2.0,2.0,0.0,0.0,0.0,2.0,2.0,1.0
478,1.0,2.0,2.0,0.0,1.0,1.0,0.0,0.0,0.0
479,1.0,2.0,2.0,1.0,0.0,1.0,0.0,0.0,0.0
480,1.0,2.0,2.0,1.0,1.0,0.0,0.0,0.0,0.0
481,1.0,2.0,2.0,1.0,2.0,2.0,0.0,0.0,0.0
482,1.0,2.0,2.0,2.0,1.0,2.0,0.0,0.0,0.0
483,1.0,2.0,2.0,2.0,2.0,1.0,0.0,0.0,0.0
484,2.0,0.0,0.0,1.0,0.0,1.0,0.0,1.0,2.0
485,2.0,0.0,0.0,1.0,0.0,1.0,0.0,2.0,1.0
486,2.0,0.0,0.0,1.0,0.0,1.0,1.0,0.0,2.0
487,2.0,0.0,0.0,1.0,0.0,1.0,2.0,0.0,1.0
488,2.0,0.0,0.0,1.0,0.0,2.0,0.0,1.0,1.0
489,2.0,0.0,0.0,1.0,0.0,2.0,1.0,0.0,1.0
490,2.0,0.0,0.0,1.0,1.0,0.0,1.0,2.0,0.0
491,2.0,0.0,0.0,1.0,1.0,0.0,2.0,1.0,0.0
492,2.0,0.0,0.0,1.0,2.0,0.0,1.0,1.0,0.0
493,2.0,0.0,0.0,2.0,0.0,1.0,0.0,1.0,1.0
494,2.0,0.0,0.0,2.0,0.0,1.0,1.0,0.0,1.0
495,2.0,0.0,0.0,2.0,1.0,0.0,1.0,1.0,0.0
496,2.0,0.0,1.0,0.0,0.0,0.0,1.0,1.0,2.0
497,2.0,0.0,1.0,0.0,0.0,0.0,1.0,2.0,1.0
498,2.0,0.0,1.0,0.0,0.0,0.0,2.0,1.0,1.0
499,2.0,0.0,1.0,0.0,0.0,1.0,1.0,0.0,2.0
500,2.0,0.0,1.0,0.0,0.0,2.0,1.0,0.0,1.0
501,2.0,0.0,1.0,1.0,0.0,0.0,1.0,0.0,2.0
502,2.0,0.0,1.0,1.0,0.0,0.0,2.0,0.0,1.0
503,2.0,0.0,1.0,1.0,0.0,1.0,0.0,0.0,2.0
504,2.0,0.0,1.0,1.0,0.0,1.0,2.0,0.0,0.0
505,2.0,0.0,1.0,1.0,0.0,2.0,0.0,0.0,1.0
506,2.0,0.0,1.0,1.0,0.0,2.0,1.0,0.0,0.0
507,2.0,0.0,1.0,1.0,0.0,2.0,2.0,0.0,2.0
508,2.0,0.0,1.0,1.0,1.0,2.0,0.0,0.0,0.0
509,2.0,0.0,1.0,1.0,2.0,1.0,0.0,0.0,0.0
510,2.0,0.0,1.0,2.0,0.0,0.0,1.0,0.0,1.0
511,2.0,0.0,1.0,2.0,0.0,1.0,1.0,0.0,0.0
512,2.0,0.0,1.0,2.0,0.0,1.0,2.0,0.0,2.0
513,2.0,0.0,1.0,2.0,0.0,2.0,1.0,0.0,2.0
514,2.0,0.0,1.0,2.0,0.0,2.0,2.0,0.0,1.0
515,2.0,0.0,1.0,2.0,1.0,1.0,0.0,0.0,0.0
516,2.0,0.0,2.0,0.0,0.0,1.0,1.0,0.0,1.0
517,2.0,0.0,2.0,1.0,0.0,0.0,1.0,0.0,1.0
518,2.0,0.0,2.0,1.0,0.0,1.0,0.0,0.0,1.0
519,2.0,0.0,2.0,1.0,0.0,1.0,1.0,0.0,0.0
520,2.0,0.0,2.0,1.0,0.0,1.0,2.0,0.0,2.0
521,2.0,0.0,2.0,1.0,0.0,2.0,1.0,0.0,2.0
522,2.0,0.0,2.0,1.0,0.0,2.0,2.0,0.0,1.0
523,2.0,0.0,2.0,2.0,0.0,1.0,1.0,0.0,2.0
524,2.0,0.0,2.0,2.0,0.0,1.0,2.0,0.0,1.0
525,2.0,0.0,2.0,2.0,0.0,2.0,1.0,0.0,1.0
526,2.0,1.0,0.0,0.0,0.0,0.0,1.0,1.0,2.0
527,2.0,1.0,0.0,0.0,0.0,0.0,1.0,2.0,1.0
528,2.0,1.0,0.0,0.0,0.0,0.0,2.0,1.0,1.0
529,2.0,1.0,0.0,0.0,0.0,1.0,0.0,1.0,2.0
530,2.0,1.0,0.0,0.0,0.0,1.0,0.0,2.0,1.0
531,2.0,1.0,0.0,0.0,0.0,2.0,0.0,1.0,1.0
532,2.0,1.0,0.0,0.0,1.0,0.0,1.0,2.0,0.0
533,2.0,1.0,0.0,0.0,2.0,0.0,1.0,1.0,0.0
534,2.0,1.0,0.0,1.0,0.0,0.0,0.0,1.0,2.0
535,2.0,1.0,0.0,1.0,0.0,0.0,0.0,2.0,1.0
536,2.0,1.0,0.0,1.0,0.0,0.0,1.0,2.0,0.0
537,2.0,1.0,0.0,1.0,0.0,0.0,2.0,1.0,0.0
538,2.0,1.0,0.0,1.0,0.0,1.0,0.0,0.0,2.0
539,2.0,1.0,0.0,1.0,0.0,1.0,0.0,2.0,0.0
540,2.0,1.0,0.0,1.0,0.0,2.0,0.0,0.0,1.0
541,2.0,1.0,0.0,1.0,0.0,2.0,0.0,1.0,0.0
542,2.0,1.0,0.0,1.0,0.0,2.0,0.0,2.0,2.0
543,2.0,1.0,0.0,1.0,1.0,0.0,0.0,2.0,0.0
544,2.0,1.0,0.0,1.0,1.0,0.0,2.0,0.0,0.0
545,2.0,1.0,0.0,1.0,1.0,2.0,0.0,0.0,0.0
546,2.0,1.0,0.0,1.0,2.0,0.0,0.0,1.0,0.0
547,2.0,1.0,0.0,1.0,2.0,0.0,1.0,0.0,0.0
548,2.0,1.0,0.0,1.0,2.0,0.0,2.0,2.0,0.0
549,2.0,1.0,0.0,1.0,2.0,1.0,0.0,0.0,0.0
550,2.0,1.0,0.0,2.0,0.0,0.0,0.0,1.0,1.0
551,2.0,1.0,0.0,2.0,0.0,0.0,1.0,1.0,0.0
552,2.0,1.0,0.0,2.0,0.0,1.0,0.0,0.0,1.0
553,2.0,1.0,0.0,2.0,0.0,1.0,0.0,1.0,0.0
554,2.0,1.0,0.0,2.0,0.0,1.0,0.0,2.0,2.0
555,2.0,1.0,0.0,2.0,0.0,2.0,0.0,1.0,2.0
556,2.0,1.0,0.0,2.0,0.0,2.0,0.0,2.0,1.0
557,2.0,1.0,0.0,2.0,1.0,0.0,1.0,0.0,0.0
558,2.0,1.0,0.0,2.0,1.0,0.0,2.0,2.0,0.0
559,2.0,1.0,0.0,2.0,1.0,1.0,0.0,0.0,0.0
560,2.0,1.0,0.0,2.0,2.0,0.0,1.0,2.0,0.0
561,2.0,1.0,0.0,2.0,2.0,0.0,2.0,1.0,0.0
562,2.0,1.0,1.0,0.0,0.0,0.0,0.0,1.0,2.0
563,2.0,1.0,1.0,0.0,0.0,0.0,0.0,2.0,1.0
564,2.0,1.0,1.0,0.0,0.0,0.0,1.0,0.0,2.0
565,2.0,1.0,1.0,0.0,0.0,0.0,1.0,2.0,0.0
566,2.0,1.0,1.0,0.0,0.0,0.0,2.0,0.0,1.0
567,2.0,1.0,1.0,0.0,0.0,0.0,2.0,1.0,0.0
568,2.0,1.0,1.0,0.0,0.0,0.0,2.0,2.0,2.0
569,2.0,1.0,1.0,0.0,1.0,2.0,0.0,0.0,0.0
570,2.0,1.0,1.0,0.0,2.0,1.0,0.0,0.0,0.0
571,2.0,1.0,1.0,1.0,0.0,2.0,0.0,0.0,0.0
572,2.0,1.0,1.0,1.0,2.0,0.0,0.0,0.0,0.0
573,2.0,1.0,1.0,2.0,0.0,1.0,0.0,0.0,0.0
574,2.0,1.0,1.0,2.0,1.0,0.0,0.0,0.0,0.0
575,2.0,1.0,1.0,2.0,2.0,2.0,0.0,0.0,0.0
576,2.0,1.0,2.0,0.0,0.0,0.0,0.0,1.0,1.0
577,2.0,1.0,2.0,0.0,0.0,0.0,1.0,0.0,1.0
578,2.0,1.0,2.0,0.0,0.0,0.0,1.0,1.0,0.0
579,2.0,1.0,2.0,0.0,0.0,0.0,1.0,2.0,2.0
580,2.0,1.0,2.0,0.0,0.0,0.0,2.0,1.0,2.0
581,2.0,1.0,2.0,0.0,0.0,0.0,2.0,2.0,1.0
582,2.0,1.0,2.0,0.0,1.0,1.0,0.0,0.0,0.0
583,2.0,1.0,2.0,1.0,0.0,1.0,0.0,0.0,0.0
584,2.0,1.0,2.0,1.0,1.0,0.0,0.0,0.0,0.0
585,2.0,1.0,2.0,1.0,2.0,2.0,0.0,0.0,0.0
586,2.0,1.0,2.0,2.0,1.0,2.0,0.0,0.0,0.0
587,2.0,1.0,2.0,2.0,2.0,1.0,0.0,0.0,0.0
588,2.0,2.0,0.0,0.0,0.0,1.0,0.0,1.0,1.0
589,2.0,2.0,0.0,0.0,1.0,0.0,1.0,1.0,0.0
590,2.0,2.0,0.0,1.0,0.0,0.0,0.0,1.0,1.0
591,2.0,2.0,0.0,1.0,0.0,0.0,1.0,1.0,0.0
592,2.0,2.0,0.0,1.0,0.0,1.0,0.0,0.0,1.0
593,2.0,2.0,0.0,1.0,0.0,1.0,0.0,1.0,0.0
594,2.0,2.0,0.0,1.0,0.0,1.0,0.0,2.0,2.0
595,2.0,2.0,0.0,1.0,0.0,2.0,0.0,1.0,2.0
596,2.0,2.0,0.0,1.0,0.0,2.0,0.0,2.0,1.0
597,2.0,2.0,0.0,1.0,1.0,0.0,0.0,1.0,0.0
598,2.0,2.0,0.0,1.0,1.0,0.0,1.0,0.0,0.0
599,2.0,2.0,0.0,1.0,1.0,0.0,2.0,2.0,0.0
600,2.0,2.0,0.0,1.0,2.0,0.0,1.0,2.0,0.0
601,2.0,2.0,0.0,1.0,2.0,0.0,2.0,1.0,0.0
602,2.0,2.0,0.0,2.0,0.0,1.0,0.0,1.0,2.0
603,2.0,2.0,0.0,2.0,0.0,1.0,0.0,2.0,1.0
604,2.0,2.0,0.0,2.0,0.0,2.0,0.0,1.0,1.0
605,2.0,2.0,0.0,2.0,1.0,0.0,1.0,2.0,0.0
606,2.0,2.0,0.0,2.0,1.0,0.0,2.0,1.0,0.0
607,2.0,2.0,0.0,2.0,2.0,0.0,1.0,1.0,0.0
608,2.0,2.0,1.0,0.0,0.0,0.0,0.0,1.0,1.0
609,2.0,2.0,1.0,0.0,0.0,0.0,1.0,0.0,1.0
610,2.0,2.0,1.0,0.0,0.0,0.0,1.0,1.0,0.0
611,2.0,2.0,1.0,0.0,0.0,0.0,1.0,2.0,2.0
612,2.0,2.0,1.0,0.0,0.0,0.0,2.0,1.0,2.0
613,2.0,2.0,1.0,0.0,0.0,0.0,2.0,2.0,1.0
614,2.0,2.0,1.0,0.0,1.0,1.0,0.0,0.0,0.0
615,2.0,2.0,1.0,1.0,0.0,1.0,0.0,0.0,0.0
616,2.0,2.0,1.0,1.0,1.0,0.0,0.0,0.0,0.0
617,2.0,2.0,1.0,1.0,2.0,2.0,0.0,0.0,0.0
618,2.0,2.0,1.0,2.0,1.0,2.0,0.0,0.0,0.0
619,2.0,2.0,1.0,2.0,2.0,1.0,0.0,0.0,0.0
620,2.0,2.0,2.0,0.0,0.0,0.0,1.0,1.0,2.0
621,2.0,2.0,2.0,0.0,0.0,0.0,1.0,2.0,1.0
622,2.0,2.0,2.0,0.0,0.0,0.0,2.0,1.0,1.0
623,2.0,2.0,2.0,1.0,1.0,2.0,0.0,0.0,0.0
624,2.0,2.0,2.0,1.0,2.0,1.0,0.0,0.0,0.0
625,2.0,2.0,2.0,2.0,1.0,1.0,0.0,0.0,0.0
626,0.0,0.0,1.0,0.0,0.0,1.0,1.0,2.0,1.0
627,0.0,0.0,1.0,0.0,0.0,1.0,2.0,1.0,1.0
628,0.0,0.0,1.0,0.0,0.0,2.0,1.0,1.0,1.0
629,0.0,0.0,1.0,0.0,1.0,0.0,1.0,1.0,2.0
630,0.0,0.0,1.0,0.0,1.0,0.0,1.0,2.0,1.0
631,0.0,0.0,1.0,0.0,1.0,1.0,1.0,0.0,2.0
632,0.0,0.0,1.0,0.0,1.0,1.0,1.0,2.0,0.0
633,0.0,0.0,1.0,0.0,1.0,1.0,2.0,0.0,1.0
634,0.0,0.0,1.0,0.0,1.0,2.0,1.0,0.0,1.0
635,0.0,0.0,1.0,0.0,1.0,2.0,1.0,1.0,0.0
636,0.0,0.0,1.0,0.0,1.0,2.0,1.0,2.0,2.0
637,0.0,0.0,1.0,0.0,2.0,0.0,1.0,1.0,1.0
638,0.0,0.0,1.0,0.0,2.0,1.0,1.0,0.0,1.0
639,0.0,0.0,1.0,0.0,2.0,1.0,2.0,2.0,1.0
640,0.0,0.0,1.0,1.0,0.0,1.0,0.0,2.0,1.0
641,0.0,0.0,1.0,1.0,1.0,0.0,1.0,0.0,2.0
642,0.0,0.0,1.0,1.0,1.0,0.0,1.0,2.0,0.0
643,0.0,0.0,1.0,1.0,1.0,1.0,0.0,0.0,2.0
644,0.0,0.0,1.0,1.0,1.0,1.0,0.0,2.0,0.0
645,0.0,0.0,1.0,1.0,1.0,1.0,2.0,0.0,0.0
646,0.0,0.0,1.0,1.0,1.0,2.0,1.0,0.0,0.0
647,0.0,0.0,1.0,1.0,2.0,1.0,0.0,0.0,1.0
648,0.0,0.0,1.0,2.0,0.0,0.0,1.0,1.0,1.0
649,0.0,0.0,1.0,2.0,0.0,1.0,0.0,1.0,1.0
650,0.0,0.0,1.0,2.0,0.0,1.0,2.0,2.0,1.0
651,0.0,0.0,1.0,2.0,1.0,0.0,1.0,0.0,1.0
652,0.0,0.0,1.0,2.0,1.0,0.0,1.0,1.0,0.0
653,0.0,0.0,1.0,2.0,1.0,0.0,1.0,2.0,2.0
654,0.0,0.0,1.0,2.0,1.0,1.0,0.0,0.0,1.0
655,0.0,0.0,1.0,2.0,1.0,1.0,1.0,0.0,0.0
656,0.0,0.0,1.0,2.0,1.0,2.0,1.0,0.0,2.0
657,0.0,0.0,1.0,2.0,1.0,2.0,1.0,2.0,0.0
658,0.0,0.0,1.0,2.0,2.0,1.0,0.0,2.0,1.0
659,0.0,0.0,1.0,2.0,2.0,1.0,2.0,0.0,1.0
660,0.0,0.0,2.0,0.0,0.0,1.0,1.0,1.0,1.0
661,0.0,0.0,2.0,0.0,1.0,0.0,1.0,1.0,1.0
662,0.0,0.0,2.0,0.0,2.0,2.0,1.0,1.0,1.0
663,0.0,0.0,2.0,1.0,0.0,0.0,1.0,1.0,1.0
664,0.0,0.0,2.0,1.0,1.0,1.0,0.0,0.0,1.0
665,0.0,0.0,2.0,1.0,1.0,1.0,0.0,1.0,0.0
666,0.0,0.0,2.0,1.0,1.0,1.0,0.0,2.0,2.0
667,0.0,0.0,2.0,1.0,1.0,1.0,1.0,0.0,0.0
668,0.0,0.0,2.0,1.0,1.0,1.0,2.0,0.0,2.0
669,0.0,0.0,2.0,1.0,1.0,1.0,2.0,2.0,0.0
670,0.0,0.0,2.0,2.0,0.0,2.0,1.0,1.0,1.0
671,0.0,0.0,2.0,2.0,2.0,0.0,1.0,1.0,1.0
672,0.0,1.0,0.0,0.0,0.0,2.0,1.0,1.0,1.0
673,0.0,1.0,0.0,0.0,1.0,0.0,1.0,1.0,2.0
674,0.0,1.0,0.0,0.0,1.0,0.0,2.0,1.0,1.0
675,0.0,1.0,0.0,0.0,1.0,1.0,2.0,1.0,0.0
676,0.0,1.0,0.0,0.0,1.0,2.0,1.0,1.0,0.0
677,0.0,1.0,0.0,0.0,1.0,2.0,2.0,1.0,2.0
678,0.0,1.0,0.0,0.0,2.0,0.0,1.0,1.0,1.0
679,0.0,1.0,0.0,1.0,1.0,0.0,0.0,1.0,2.0
680,0.0,1.0,0.0,1.0,1.0,1.0,0.0,0.0,2.0
681,0.0,1.0,0.0,1.0,1.0,1.0,0.0,2.0,0.0
682,0.0,1.0,0.0,1.0,1.0,1.0,2.0,0.0,0.0
683,0.0,1.0,0.0,1.0,1.0,2.0,0.0,1.0,0.0
684,0.0,1.0,0.0,2.0,0.0,0.0,1.0,1.0,1.0
685,0.0,1.0,0.0,2.0,1.0,0.0,0.0,1.0,1.0
686,0.0,1.0,0.0,2.0,1.0,0.0,2.0,1.0,2.0
687,0.0,1.0,0.0,2.0,1.0,1.0,0.0,1.0,0.0
688,0.0,1.0,0.0,2.0,1.0,2.0,0.0,1.0,2.0
689,0.0,1.0,0.0,2.0,1.0,2.0,2.0,1.0,0.0
690,0.0,1.0,1.0,0.0,0.0,1.0,2.0,0.0,1.0
691,0.0,1.0,1.0,0.0,1.0,0.0,1.0,0.0,2.0
692,0.0,1.0,1.0,0.0,1.0,0.0,1.0,2.0,0.0
693,0.0,1.0,1.0,0.0,1.0,0.0,2.0,1.0,0.0
694,0.0,1.0,1.0,0.0,1.0,2.0,1.0,0.0,0.0
695,0.0,1.0,1.0,2.0,0.0,1.0,0.0,0.0,1.0
696,0.0,1.0,1.0,2.0,1.0,0.0,0.0,1.0,0.0
697,0.0,1.0,1.0,2.0,1.0,0.0,1.0,0.0,0.0
698,0.0,1.0,2.0,0.0,1.0,0.0,1.0,1.0,0.0
699,0.0,1.0,2.0,0.0,1.0,0.0,2.0,1.0,2.0
700,0.0,1.0,2.0,0.0,1.0,2.0,2.0,1.0,0.0
701,0.0,1.0,2.0,1.0,1.0,0.0,0.0,1.0,0.0
702,0.0,1.0,2.0,2.0,1.0,0.0,0.0,1.0,2.0
703,0.0,1.0,2.0,2.0,1.0,0.0,2.0,1.0,0.0
704,0.0,1.0,2.0,2.0,1.0,2.0,0.0,1.0,0.0
705,0.0,2.0,0.0,0.0,0.0,1.0,1.0,1.0,1.0
706,0.0,2.0,0.0,0.0,1.0,0.0,1.0,1.0,1.0
707,0.0,2.0,0.0,0.0,2.0,2.0,1.0,1.0,1.0
708,0.0,2.0,0.0,1.0,0.0,0.0,1.0,1.0,1.0
709,0.0,2.0,0.0,1.0,1.0,1.0,0.0,0.0,1.0
710,0.0,2.0,0.0,1.0,1.0,1.0,0.0,1.0,0.0
711,0.0,2.0,0.0,1.0,1.0,1.0,0.0,2.0,2.0
712,0.0,2.0,0.0,1.0,1.0,1.0,1.0,0.0,0.0
713,0.0,2.0,0.0,1.0,1.0,1.0,2.0,0.0,2.0
714,0.0,2.0,0.0,1.0,1.0,1.0,2.0,2.0,0.0
715,0.0,2.0,0.0,2.0,0.0,2.0,1.0,1.0,1.0
716,0.0,2.0,0.0,2.0,2.0,0.0,1.0,1.0,1.0
717,0.0,2.0,1.0,0.0,0.0,1.0,1.0,0.0,1.0
718,0.0,2.0,1.0,0.0,0.0,1.0,2.0,2.0,1.0
719,0.0,2.0,1.0,0.0,1.0,0.0,1.0,0.0,1.0
720,0.0,2.0,1.0,0.0,1.0,0.0,1.0,1.0,0.0
721,0.0,2.0,1.0,0.0,1.0,0.0,1.0,2.0,2.0
722,0.0,2.0,1.0,0.0,1.0,1.0,1.0,0.0,0.0
723,0.0,2.0,1.0,0.0,1.0,2.0,1.0,0.0,2.0
724,0.0,2.0,1.0,0.0,1.0,2.0,1.0,2.0,0.0
725,0.0,2.0,1.0,0.0,2.0,1.0,2.0,0.0,1.0
726,0.0,2.0,1.0,1.0,0.0,1.0,0.0,0.0,1.0
727,0.0,2.0,1.0,1.0,1.0,0.0,1.0,0.0,0.0
728,0.0,2.0,1.0,2.0,0.0,1.0,0.0,2.0,1.0
729,0.0,2.0,1.0,2.0,0.0,1.0,2.0,0.0,1.0
730,0.0,2.0,1.0,2.0,1.0,0.0,1.0,0.0,2.0
731,0.0,2.0,1.0,2.0,1.0,0.0,1.0,2.0,0.0
732,0.0,2.0,1.0,2.0,1.0,2.0,1.0,0.0,0.0
733,0.0,2.0,1.0,2.0,2.0,1.0,0.0,0.0,1.0
734,0.0,2.0,2.0,0.0,0.0,2.0,1.0,1.0,1.0
735,0.0,2.0,2.0,0.0,2.0,0.0,1.0,1.0,1.0
736,0.0,2.0,2.0,1.0,1.0,1.0,0.0,0.0,2.0
737,0.0,2.0,2.0,1.0,1.0,1.0,0.0,2.0,0.0
738,0.0,2.0,2.0,1.0,1.0,1.0,2.0,0.0,0.0
739,0.0,2.0,2.0,2.0,0.0,0.0,1.0,1.0,1.0
740,1.0,0.0,0.0,0.0,0.0,2.0,1.0,1.0,1.0
741,1.0,0.0,0.0,0.0,1.0,0.0,1.0,2.0,1.0
742,1.0,0.0,0.0,0.0,1.0,0.0,2.0,1.0,1.0
743,1.0,0.0,0.0,0.0,1.0,1.0,0.0,2.0,1.0
744,1.0,0.0,0.0,0.0,1.0,1.0,2.0,0.0,1.0
745,1.0,0.0,0.0,0.0,1.0,2.0,0.0,1.0,1.0
746,1.0,0.0,0.0,0.0,1.0,2.0,1.0,0.0,1.0
747,1.0,0.0,0.0,0.0,1.0,2.0,2.0,2.0,1.0
748,1.0,0.0,0.0,0.0,2.0,0.0,1.0,1.0,1.0
749,1.0,0.0,0.0,1.0,0.0,0.0,1.0,1.0,2.0
750,1.0,0.0,0.0,1.0,0.0,0.0,1.0,2.0,1.0
751,1.0,0.0,0.0,1.0,0.0,1.0,1.0,2.0,0.0
752,1.0,0.0,0.0,1.0,0.0,2.0,1.0,1.0,0.0
753,1.0,0.0,0.0,1.0,0.0,2.0,1.0,2.0,2.0
754,1.0,0.0,0.0,1.0,1.0,0.0,0.0,2.0,1.0
755,1.0,0.0,0.0,1.0,1.0,0.0,1.0,0.0,2.0
756,1.0,0.0,0.0,1.0,1.0,0.0,2.0,0.0,1.0
757,1.0,0.0,0.0,1.0,1.0,1.0,0.0,0.0,2.0
758,1.0,0.0,0.0,1.0,1.0,1.0,0.0,2.0,0.0
759,1.0,0.0,0.0,1.0,1.0,1.0,2.0,0.0,0.0
760,1.0,0.0,0.0,1.0,1.0,2.0,0.0,0.0,1.0
761,1.0,0.0,0.0,1.0,1.0,2.0,1.0,0.0,0.0
762,1.0,0.0,0.0,1.0,2.0,0.0,1.0,0.0,1.0
763,1.0,0.0,0.0,1.0,2.0,0.0,1.0,2.0,2.0
764,1.0,0.0,0.0,1.0,2.0,1.0,1.0,0.0,0.0
765,1.0,0.0,0.0,1.0,2.0,2.0,1.0,0.0,2.0
766,1.0,0.0,0.0,1.0,2.0,2.0,1.0,2.0,0.0
767,1.0,0.0,0.0,2.0,0.0,0.0,1.0,1.0,1.0
768,1.0,0.0,0.0,2.0,1.0,0.0,0.0,1.0,1.0
769,1.0,0.0,0.0,2.0,1.0,0.0,1.0,0.0,1.0
770,1.0,0.0,0.0,2.0,1.0,0.0,2.0,2.0,1.0
771,1.0,0.0,0.0,2.0,1.0,1.0,0.0,0.0,1.0
772,1.0,0.0,0.0,2.0,1.0,2.0,0.0,2.0,1.0
773,1.0,0.0,0.0,2.0,1.0,2.0,2.0,0.0,1.0
774,1.0,0.0,1.0,0.0,0.0,1.0,0.0,2.0,1.0
775,1.0,0.0,1.0,0.0,1.0,0.0,0.0,2.0,1.0
776,1.0,0.0,1.0,0.0,1.0,0.0,1.0,0.0,2.0
777,1.0,0.0,1.0,0.0,1.0,0.0,1.0,2.0,0.0
778,1.0,0.0,1.0,0.0,1.0,0.0,2.0,0.0,1.0
779,1.0,0.0,1.0,0.0,1.0,2.0,0.0,0.0,1.0
780,1.0,0.0,1.0,0.0,1.0,2.0,1.0,0.0,0.0
781,1.0,0.0,1.0,0.0,2.0,1.0,0.0,0.0,1.0
782,1.0,0.0,1.0,1.0,0.0,0.0,1.0,2.0,0.0
783,1.0,0.0,1.0,1.0,2.0,0.0,1.0,0.0,0.0
784,1.0,0.0,1.0,2.0,1.0,0.0,0.0,0.0,1.0
785,1.0,0.0,1.0,2.0,1.0,0.0,1.0,0.0,0.0
786,1.0,0.0,2.0,0.0,1.0,0.0,0.0,1.0,1.0
787,1.0,0.0,2.0,0.0,1.0,0.0,1.0,0.0,1.0
788,1.0,0.0,2.0,0.0,1.0,0.0,2.0,2.0,1.0
789,1.0,0.0,2.0,0.0,1.0,1.0,0.0,0.0,1.0
790,1.0,0.0,2.0,0.0,1.0,2.0,0.0,2.0,1.0
791,1.0,0.0,2.0,0.0,1.0,2.0,2.0,0.0,1.0
792,1.0,0.0,2.0,1.0,0.0,0.0,1.0,1.0,0.0
793,1.0,0.0,2.0,1.0,0.0,0.0,1.0,2.0,2.0
794,1.0,0.0,2.0,1.0,0.0,2.0,1.0,2.0,0.0
795,1.0,0.0,2.0,1.0,1.0,0.0,0.0,0.0,1.0
796,1.0,0.0,2.0,1.0,1.0,0.0,1.0,0.0,0.0
797,1.0,0.0,2.0,1.0,2.0,0.0,1.0,0.0,2.0
798,1.0,0.0,2.0,1.0,2.0,0.0,1.0,2.0,0.0
799,1.0,0.0,2.0,1.0,2.0,2.0,1.0,0.0,0.0
800,1.0,0.0,2.0,2.0,1.0,0.0,0.0,2.0,1.0
801,1.0,0.0,2.0,2.0,1.0,0.0,2.0,0.0,1.0
802,1.0,0.0,2.0,2.0,1.0,2.0,0.0,0.0,1.0
803,1.0,1.0,0.0,0.0,1.0,0.0,0.0,1.0,2.0
804,1.0,1.0,0.0,0.0,1.0,0.0,0.0,2.0,1.0
805,1.0,1.0,0.0,0.0,1.0,0.0,2.0,0.0,1.0
806,1.0,1.0,0.0,0.0,1.0,2.0,0.0,0.0,1.0
807,1.0,1.0,0.0,0.0,1.0,2.0,0.0,1.0,0.0
808,1.0,1.0,0.0,1.0,0.0,0.0,1.0,0.0,2.0
809,1.0,1.0,0.0,1.0,0.0,2.0,1.0,0.0,0.0
810,1.0,1.0,0.0,2.0,1.0,0.0,0.0,0.0,1.0
811,1.0,1.0,1.0,0.0,0.0,1.0,0.0,0.0,2.0
812,1.0,1.0,1.0,0.0,0.0,1.0,0.0,2.0,0.0
813,1.0,1.0,1.0,0.0,0.0,1.0,2.0,0.0,0.0
814,1.0,1.0,1.0,0.0,0.0,2.0,0.0,0.0,1.0
815,1.0,1.0,1.0,0.0,0.0,2.0,0.0,1.0,0.0
816,1.0,1.0,1.0,0.0,0.0,2.0,0.0,2.0,2.0
817,1.0,1.0,1.0,0.0,0.0,2.0,1.0,0.0,0.0
818,1.0,1.0,1.0,0.0,0.0,2.0,2.0,0.0,2.0
819,1.0,1.0,1.0,0.0,0.0,2.0,2.0,2.0,0.0
820,1.0,1.0,1.0,0.0,1.0,0.0,0.0,0.0,2.0
821,1.0,1.0,1.0,0.0,1.0,0.0,0.0,2.0,0.0
822,1.0,1.0,1.0,0.0,1.0,0.0,2.0,0.0,0.0
823,1.0,1.0,1.0,0.0,2.0,0.0,0.0,0.0,1.0
824,1.0,1.0,1.0,0.0,2.0,0.0,0.0,1.0,0.0
825,1.0,1.0,1.0,0.0,2.0,0.0,0.0,2.0,2.0
826,1.0,1.0,1.0,0.0,2.0,0.0,1.0,0.0,0.0
827,1.0,1.0,1.0,0.0,2.0,0.0,2.0,0.0,2.0
828,1.0,1.0,1.0,0.0,2.0,0.0,2.0,2.0,0.0
829,1.0,1.0,1.0,0.0,2.0,2.0,0.0,0.0,2.0
830,1.0,1.0,1.0,0.0,2.0,2.0,0.0,2.0,0.0
831,1.0,1.0,1.0,0.0,2.0,2.0,2.0,0.0,0.0
832,1.0,1.0,1.0,1.0,0.0,0.0,0.0,0.0,2.0
833,1.0,1.0,1.0,1.0,0.0,0.0,0.0,2.0,0.0
834,1.0,1.0,1.0,1.0,0.0,0.0,2.0,0.0,0.0
835,1.0,1.0,1.0,2.0,0.0,0.0,0.0,0.0,1.0
836,1.0,1.0,1.0,2.0,0.0,0.0,0.0,1.0,0.0
837,1.0,1.0,1.0,2.0,0.0,0.0,0.0,2.0,2.0
838,1.0,1.0,1.0,2.0,0.0,0.0,1.0,0.0,0.0
839,1.0,1.0,1.0,2.0,0.0,0.0,2.0,0.0,2.0
840,1.0,1.0,1.0,2.0,0.0,0.0,2.0,2.0,0.0
841,1.0,1.0,1.0,2.0,0.0,2.0,0.0,0.0,2.0
842,1.0,1.0,1.0,2.0,0.0,2.0,0.0,2.0,0.0
843,1.0,1.0,1.0,2.0,0.0,2.0,2.0,0.0,0.0
844,1.0,1.0,1.0,2.0,2.0,0.0,0.0,0.0,2.0
845,1.0,1.0,1.0,2.0,2.0,0.0,0.0,2.0,0.0
846,1.0,1.0,1.0,2.0,2.0,0.0,2.0,0.0,0.0
847,1.0,1.0,2.0,0.0,1.0,0.0,0.0,0.0,1.0
848,1.0,1.0,2.0,0.0,1.0,0.0,0.0,1.0,0.0
849,1.0,1.0,2.0,1.0,0.0,0.0,1.0,0.0,0.0
850,1.0,2.0,0.0,0.0,1.0,0.0,0.0,1.0,1.0
851,1.0,2.0,0.0,0.0,1.0,0.0,1.0,0.0,1.0
852,1.0,2.0,0.0,0.0,1.0,0.0,2.0,2.0,1.0
853,1.0,2.0,0.0,0.0,1.0,1.0,0.0,0.0,1.0
854,1.0,2.0,0.0,0.0,1.0,2.0,0.0,2.0,1.0
855,1.0,2.0,0.0,0.0,1.0,2.0,2.0,0.0,1.0
856,1.0,2.0,0.0,1.0,0.0,0.0,1.0,0.0,1.0
857,1.0,2.0,0.0,1.0,0.0,0.0,1.0,2.0,2.0
858,1.0,2.0,0.0,1.0,0.0,1.0,1.0,0.0,0.0
859,1.0,2.0,0.0,1.0,0.0,2.0,1.0,0.0,2.0
860,1.0,2.0,0.0,1.0,0.0,2.0,1.0,2.0,0.0
861,1.0,2.0,0.0,1.0,1.0,0.0,0.0,0.0,1.0
862,1.0,2.0,0.0,1.0,2.0,0.0,1.0,0.0,2.0
863,1.0,2.0,0.0,1.0,2.0,2.0,1.0,0.0,0.0
864,1.0,2.0,0.0,2.0,1.0,0.0,0.0,2.0,1.0
865,1.0,2.0,0.0,2.0,1.0,0.0,2.0,0.0,1.0
866,1.0,2.0,0.0,2.0,1.0,2.0,0.0,0.0,1.0
867,1.0,2.0,1.0,0.0,0.0,1.0,0.0,0.0,1.0
868,1.0,2.0,1.0,0.0,1.0,0.0,0.0,0.0,1.0
869,1.0,2.0,1.0,0.0,1.0,0.0,1.0,0.0,0.0
870,1.0,2.0,1.0,1.0,0.0,0.0,1.0,0.0,0.0
871,1.0,2.0,2.0,0.0,1.0,0.0,0.0,2.0,1.0
872,1.0,2.0,2.0,0.0,1.0,0.0,2.0,0.0,1.0
873,1.0,2.0,2.0,0.0,1.0,2.0,0.0,0.0,1.0
874,1.0,2.0,2.0,1.0,0.0,0.0,1.0,0.0,2.0
875,1.0,2.0,2.0,1.0,0.0,0.0,1.0,2.0,0.0
876,1.0,2.0,2.0,1.0,0.0,2.0,1.0,0.0,0.0
877,1.0,2.0,2.0,1.0,2.0,0.0,1.0,0.0,0.0
878,1.0,2.0,2.0,2.0,1.0,0.0,0.0,0.0,1.0
879,2.0,0.0,0.0,0.0,0.0,1.0,1.0,1.0,1.0
880,2.0,0.0,0.0,0.0,1.0,0.0,1.0,1.0,1.0
881,2.0,0.0,0.0,0.0,2.0,2.0,1.0,1.0,1.0
882,2.0,0.0,0.0,1.0,0.0,0.0,1.0,1.0,1.0
883,2.0,0.0,0.0,1.0,1.0,1.0,0.0,0.0,1.0
884,2.0,0.0,0.0,1.0,1.0,1.0,0.0,1.0,0.0
885,2.0,0.0,0.0,1.0,1.0,1.0,0.0,2.0,2.0
886,2.0,0.0,0.0,1.0,1.0,1.0,1.0,0.0,0.0
887,2.0,0.0,0.0,1.0,1.0,1.0,2.0,0.0,2.0
888,2.0,0.0,0.0,1.0,1.0,1.0,2.0,2.0,0.0
889,2.0,0.0,0.0,2.0,0.0,2.0,1.0,1.0,1.0
890,2.0,0.0,0.0,2.0,2.0,0.0,1.0,1.0,1.0
891,2.0,0.0,1.0,0.0,0.0,1.0,0.0,1.0,1.0
892,2.0,0.0,1.0,0.0,0.0,1.0,2.0,2.0,1.0
893,2.0,0.0,1.0,0.0,1.0,0.0,1.0,0.0,1.0
894,2.0,0.0,1.0,0.0,1.0,0.0,1.0,1.0,0.0
895,2.0,0.0,1.0,0.0,1.0,0.0,1.0,2.0,2.0
896,2.0,0.0,1.0,0.0,1.0,1.0,0.0,0.0,1.0
897,2.0,0.0,1.0,0.0,1.0,1.0,1.0,0.0,0.0
898,2.0,0.0,1.0,0.0,1.0,2.0,1.0,0.0,2.0
899,2.0,0.0,1.0,0.0,1.0,2.0,1.0,2.0,0.0
900,2.0,0.0,1.0,0.0,2.0,1.0,0.0,2.0,1.0
901,2.0,0.0,1.0,0.0,2.0,1.0,2.0,0.0,1.0
902,2.0,0.0,1.0,1.0,1.0,0.0,1.0,0.0,0.0
903,2.0,0.0,1.0,2.0,0.0,1.0,0.0,2.0,1.0
904,2.0,0.0,1.0,2.0,1.0,0.0,1.0,0.0,2.0
905,2.0,0.0,1.0,2.0,1.0,0.0,1.0,2.0,0.0
906,2.0,0.0,1.0,2.0,1.0,2.0,1.0,0.0,0.0
907,2.0,0.0,1.0,2.0,2.0,1.0,0.0,0.0,1.0
908,2.0,0.0,2.0,0.0,0.0,2.0,1.0,1.0,1.0
909,2.0,0.0,2.0,0.0,2.0,0.0,1.0,1.0,1.0
910,2.0,0.0,2.0,1.0,1.0,1.0,0.0,0.0,2.0
911,2.0,0.0,2.0,1.0,1.0,1.0,0.0,2.0,0.0
912,2.0,0.0,2.0,1.0,1.0,1.0,2.0,0.0,0.0
913,2.0,0.0,2.0,2.0,0.0,0.0,1.0,1.0,1.0
914,2.0,1.0,0.0,0.0,1.0,0.0,0.0,1.0,1.0
915,2.0,1.0,0.0,0.0,1.0,0.0,2.0,1.0,2.0
916,2.0,1.0,0.0,0.0,1.0,1.0,0.0,1.0,0.0
917,2.0,1.0,0.0,0.0,1.0,2.0,0.0,1.0,2.0
918,2.0,1.0,0.0,0.0,1.0,2.0,2.0,1.0,0.0
919,2.0,1.0,0.0,2.0,1.0,0.0,0.0,1.0,2.0
920,2.0,1.0,0.0,2.0,1.0,2.0,0.0,1.0,0.0
921,2.0,1.0,1.0,0.0,0.0,1.0,0.0,0.0,1.0
922,2.0,1.0,1.0,0.0,1.0,0.0,0.0,1.0,0.0
923,2.0,1.0,1.0,0.0,1.0,0.0,1.0,0.0,0.0
924,2.0,1.0,2.0,0.0,1.0,0.0,0.0,1.0,2.0
925,2.0,1.0,2.0,0.0,1.0,0.0,2.0,1.0,0.0
926,2.0,1.0,2.0,0.0,1.0,2.0,0.0,1.0,0.0
927,2.0,1.0,2.0,2.0,1.0,0.0,0.0,1.0,0.0
928,2.0,2.0,0.0,0.0,0.0,2.0,1.0,1.0,1.0
929,2.0,2.0,0.0,0.0,2.0,0.0,1.0,1.0,1.0
930,2.0,2.0,0.0,1.0,1.0,1.0,0.0,0.0,2.0
931,2.0,2.0,0.0,1.0,1.0,1.0,0.0,2.0,0.0
932,2.0,2.0,0.0,1.0,1.0,1.0,2.0,0.0,0.0
933,2.0,2.0,0.0,2.0,0.0,0.0,1.0,1.0,1.0
934,2.0,2.0,1.0,0.0,0.0,1.0,0.0,2.0,1.0
935,2.0,2.0,1.0,0.0,0.0,1.0,2.0,0.0,1.0
936,2.0,2.0,1.0,0.0,1.0,0.0,1.0,0.0,2.0
937,2.0,2.0,1.0,0.0,1.0,0.0,1.0,2.0,0.0
938,2.0,2.0,1.0,0.0,1.0,2.0,1.0,0.0,0.0
939,2.0,2.0,1.0,0.0,2.0,1.0,0.0,0.0,1.0
940,2.0,2.0,1.0,2.0,0.0,1.0,0.0,0.0,1.0
941,2.0,2.0,1.0,2.0,1.0,0.0,1.0,0.0,0.0
942,0.0,0.0,1.0,1.0,0.0,0.0,0.0,1.0,1.0
943,0.0,0.0,1.0,1.0,1.0,0.0,0.0,0.0,1.0
944,0.0,0.0,1.0,1.0,1.0,0.0,0.0,1.0,0.0
945,0.0,1.0,0.0,0.0,0.0,1.0,1.0,0.0,1.0
946,0.0,1.0,0.0,0.0,1.0,0.0,1.0,0.0,1.0
947,0.0,1.0,0.0,0.0,1.0,1.0,1.0,0.0,0.0
948,0.0,1.0,0.0,1.0,0.0,0.0,1.0,0.0,1.0
949,0.0,1.0,0.0,1.0,1.0,0.0,0.0,0.0,1.0
950,0.0,1.0,1.0,1.0,0.0,0.0,0.0,0.0,1.0
951,1.0,0.0,0.0,0.0,0.0,1.0,1.0,1.0,0.0
952,1.0,0.0,0.0,0.0,1.0,1.0,0.0,1.0,0.0
953,1.0,0.0,0.0,0.0,1.0,1.0,1.0,0.0,0.0
954,1.0,0.0,1.0,0.0,0.0,1.0,0.0,1.0,0.0
955,1.0,0.0,1.0,0.0,1.0,0.0,0.0,1.0,0.0
956,1.0,0.0,1.0,1.0,0.0,0.0,0.0,1.0,0.0
957,1.0,1.0,0.0,0.0,0.0,1.0,1.0,0.0,0.0
